{"train_reward": [1.4551059608999992, 5.194875960899999, 1.4551059608999992, 1.4551059608999992, 3.4234059609, 1.4551059608999992, 6.7891989609, 6.7891989609, 1.4551059608999992, 5.194875960899999, 1.4551059608999992, 1.4551059608999992, 1.4551059608999992, 9.5154912909, 4.9548043782, 5.194875960899999, 11.723788078200002, 1.4551059608999992, 6.7891989609, 6.7891989609, 11.723788078200002, 11.723788078200002, 6.7891989609, 5.194875960899999, 6.7891989609, 5.194875960899999, 11.723788078200002, 2.5011412811999993, 3.4234059609, 10.6777527579, 5.194875960899999, 8.6945743782, 1.4551059608999992, 10.561526611200001, 11.723788078200002, 1.4551059608999992, 11.723788078200002, 6.7891989609, 5.194875960899999, 11.723788078200002, 1.4551059608999992, 11.723788078200002, 11.723788078200002, 3.4234059609, 8.2240896609, 9.5154912909, 10.6777527579, 5.194875960899999, 1.4551059608999992, 9.5154912909, 3.4234059609, 11.723788078200002, 5.194875960899999, 10.6777527579, 6.7891989609, 11.723788078200002, 11.723788078200002, 11.723788078200002, 6.4862775908999994, 3.4234059609, 10.6777527579, 11.723788078200002, 1.4551059608999992, 10.6777527579, 5.194875960899999, 8.2240896609, 11.723788078200002, 11.723788078200002, 8.2240896609, 1.4551059608999992, 10.288897378200001, 1.4551059608999992, 11.723788078200002, 9.5154912909, 10.6777527579, 11.723788078200002, 10.6777527579, 11.723788078200002, 6.7891989609, 8.2240896609, 6.7891989609, 9.5154912909, 10.6777527579, 8.2240896609, 11.723788078200002, 1.4551059608999992, 11.723788078200002, 3.4234059609, 1.4551059608999992, 6.7891989609, 11.723788078200002, 9.5154912909, 11.723788078200002, 3.4234059609, 11.723788078200002, 11.723788078200002, 11.723788078200002, 11.723788078200002, 9.5154912909, 6.923104378200001], "eval_reward": [1.4551059608999992, 3.4234059609, 3.4234059609, 1.4551059608999992, 1.4551059608999992, 8.2240896609, 8.2240896609, 1.4551059608999992, 1.4551059608999992, 1.4551059608999992, 3.4234059609, 3.4234059609, 8.2240896609, 3.4234059609, 6.7891989609, 3.4234059609, 1.4551059608999992, 8.2240896609, 8.2240896609, 8.2240896609, 5.194875960899999, 5.194875960899999, 1.4551059608999992, 11.723788078200002, 6.7891989609, 5.194875960899999, 3.4234059609, 6.7891989609, 10.6777527579, 10.6777527579, 3.4234059609, 1.4551059608999992, 5.194875960899999, 9.5154912909, 1.4551059608999992, 8.2240896609, 5.194875960899999, 8.2240896609, 10.6777527579, 1.4551059608999992, 11.723788078200002, 11.723788078200002, 8.2240896609, 5.194875960899999, 6.7891989609, 9.5154912909, 11.723788078200002, 1.4551059608999992, 11.723788078200002, 6.7891989609, 5.194875960899999, 10.6777527579, 10.6777527579, 9.5154912909, 11.723788078200002, 8.2240896609, 8.2240896609, 10.6777527579, 6.7891989609, 10.6777527579, 11.723788078200002, 6.7891989609, 6.7891989609, 5.194875960899999, 10.6777527579, 11.723788078200002, 11.723788078200002, 8.2240896609, 9.5154912909, 5.194875960899999, 3.4234059609, 5.194875960899999, 8.2240896609, 3.4234059609, 11.723788078200002, 3.4234059609, 11.723788078200002, 9.5154912909, 10.6777527579, 1.4551059608999992, 3.4234059609, 8.2240896609, 11.723788078200002, 11.723788078200002, 1.4551059608999992, 6.7891989609, 9.5154912909, 10.6777527579, 8.2240896609, 4.5856674279, 11.723788078200002, 11.723788078200002, 3.4234059609, 8.2240896609, 8.2240896609, 8.2240896609, 11.723788078200002, 6.7891989609, 11.723788078200002, 9.5154912909], "params": {"model_version": "1res_DQN", "mdp_path": "./RDDL/Reservoir_disc_1res_target/", "value_xadd_path": {"v_source": "./value_xadd/1res/v_source.json", "v_target": "./value_xadd/1res/v_target.json", "v_diff": "./value_xadd/1res/v_diff.json"}, "q_xadd_path": {"q_source": "./value_xadd/1res/q_source.json", "q_target": "./value_xadd/1res/q_target.json", "q_diff": "./value_xadd/1res/q_diff.json"}, "num_episodes": 100, "eps_length": 10, "epsilon": 0.1, "replay_memory_size": 1000, "batch_size": 128, "gamma": 0.9, "seed": 0, "learning_rate": 0.005, "update_rate": 2, "agent_type": "lowerbound"}}