{"train_reward": [10.991894039100002, 0.7232119217999989, 0.7232119217999989, 17.520806156400003, 8.394741872100001, 0.7232119217999989, 6.8152972518, 0.7232119217999989, 0.7232119217999989, 2.0146135517999997, 0.7232119217999989, 8.244304921800001, 8.244304921800001, 10.751897251799999, 18.5129870391, 2.9102119217999984, 10.485159359399999, 4.089004921799999, 10.970597251800001, 3.9562472420999986, 14.021107739100001, 11.5401817188, 13.200190826400002, 17.2595125818, 2.9102119217999984, 2.9102119217999984, 18.6617708361, 15.147194039100002, -1.4637880782000008, 7.6426325721, -1.4637880782000008, 0.7445087090999997, -1.4637880782000008, 7.6426325721, -1.4637880782000008, 5.0651240391000005, 10.2126049218, 2.9102119217999984, 2.9102119217999984, 10.2126049218, 3.9562472420999986, 14.1176902518, 2.9102119217999984, 11.5040065518, 11.273518621800001, 2.9102119217999984, 23.447576156400004, 10.2126049218, 15.845918669100003, 10.970597251800001, 23.447576156400004, 17.4669517188, 16.064618669100003, 14.9503640391, 6.0573049218, 2.9102119217999984, 22.156174526400005, 10.2126049218, 2.9102119217999984, 2.9102119217999984, 10.970597251800001, 2.9102119217999984, 10.970597251800001, 7.219566388800001, 9.679195621800002, 4.504534921799999, 14.9503640391, 6.0573049218, 18.0329186691, 10.2126049218, 2.9102119217999984, 22.156174526400005, 10.6227570888, 8.244304921800001, 12.283295669100003, 15.409091881799998, 7.230827251799998, 15.183369206100002, 6.0573049218, 13.610955572100002, 16.544687039099998, 6.0573049218, 2.9102119217999984, 6.0573049218, 4.504534921799999, 2.9102119217999984, 6.0573049218, 15.013288621800001, 4.504534921799999, 6.0573049218, 23.447576156400004, 2.9102119217999984, 19.969174526400003, 10.2126049218, 4.504534921799999, 16.918664039099998, 6.2760049217999985, 12.132858718800001, 10.970597251800001, 4.504534921799999], "eval_reward": [16.4747708361, 8.244304921800001, 13.178894039100003, 0.7232119217999989, 0.7232119217999989, 9.5357065518, 0.7232119217999989, 0.7232119217999989, 0.7232119217999989, 0.7232119217999989, 0.7232119217999989, 0.7232119217999989, 10.991894039100002, 2.317534921799999, 10.2126049218, 10.2126049218, 0.7232119217999989, 4.504534921799999, 2.9102119217999984, 14.021107739100001, 12.586217039100001, 14.021107739100001, 14.5332202518, 2.9102119217999984, 2.9102119217999984, 2.9102119217999984, 10.991894039100002, -1.4637880782000008, -1.4637880782000008, -1.4637880782000008, -1.4637880782000008, 8.8048940391, 8.8048940391, -1.4637880782000008, -1.4637880782000008, 2.9102119217999984, 2.9102119217999984, 2.9102119217999984, 2.9102119217999984, 2.9102119217999984, 16.3259870391, 2.9102119217999984, 15.450115409100002, 17.4669517188, 2.9102119217999984, 23.447576156400004, 20.3170146894, 6.0573049218, 23.447576156400004, 23.447576156400004, 13.7271817188, 10.0483325721, 20.3170146894, 6.0573049218, 2.9102119217999984, 23.447576156400004, 14.773217039100002, 2.9102119217999984, 2.9102119217999984, 20.3170146894, 2.9102119217999984, 8.244304921800001, 6.0573049218, 8.244304921800001, 2.9102119217999984, 20.3170146894, 6.0573049218, 10.2126049218, 10.2126049218, 2.9102119217999984, 23.447576156400004, 12.3462202518, 15.013288621800001, 6.0573049218, 20.3170146894, 2.9102119217999984, 8.0256049218, 8.394741872100001, 2.9102119217999984, 20.3170146894, 2.9102119217999984, 2.9102119217999984, 9.829632572100001, 2.9102119217999984, 2.9102119217999984, 6.0573049218, 23.447576156400004, 2.9102119217999984, 12.283295669100003, 6.0573049218, 2.9102119217999984, 6.0573049218, 17.3703692061, 2.9102119217999984, 23.447576156400004, 2.9102119217999984, 2.9102119217999984, 23.447576156400004, 2.9102119217999984, 23.447576156400004], "params": {"model_version": "2res_DQN", "mdp_path": "./RDDL/Reservoir_disc_2res_target/", "value_xadd_path": {"v_source": "./value_xadd/2res/v_source.json", "v_target": "./value_xadd/2res/v_target.json", "v_diff": "./value_xadd/2res/v_diff.json"}, "q_xadd_path": {"q_source": "./value_xadd/2res/q_source.json", "q_target": "./value_xadd/2res/q_target.json", "q_diff": "./value_xadd/2res/q_diff.json"}, "num_episodes": 100, "eps_length": 10, "epsilon": 0.1, "replay_memory_size": 1000, "batch_size": 128, "gamma": 0.9, "seed": 0, "learning_rate": 0.005, "update_rate": 2, "agent_type": "ppr"}}