{"train_reward": [0.7232119217999989, 0.7232119217999989, 8.244304921800001, 0.7232119217999989, 0.7232119217999989, 0.7232119217999989, 2.6915119217999983, 0.7232119217999989, 0.7232119217999989, 0.7232119217999989, 11.984074921799998, 0.7232119217999989, 0.7232119217999989, 9.679195621800002, 8.7835972518, 2.9102119217999984, 15.013288621800001, -1.4637880782000008, 6.5965972518, -1.4637880782000008, 9.290340242100003, 7.252124039100001, 10.2126049218, 2.9102119217999984, 9.9458587188, 15.147194039100002, 6.0573049218, 7.492195621800001, 7.492195621800001, 10.991894039100002, 10.991894039100002, 10.991894039100002, 9.9458587188, 9.9458587188, 10.991894039100002, 17.7608777391, 20.384704526400004, 6.0573049218, 17.7608777391, 17.7608777391, 16.3259870391, 15.1637255721, 17.7608777391, 8.7835972518, 18.5129870391, 8.7835972518, 7.3487065518, 7.3487065518, 8.7835972518, 8.7835972518, 12.016632572100002, 8.7835972518, 6.0573049218, 8.7835972518, 6.0573049218, 8.7835972518, 10.2126049218, 16.3046902518, 18.5129870391, 11.258640242100002, 10.2126049218, 6.0573049218, 8.7835972518, 6.0573049218, 10.970597251800001, 6.0573049218, 2.9102119217999984, 7.3487065518, 16.3046902518, 14.5332202518, 12.9388972518, 10.970597251800001, 11.5040065518, 18.646892456400003, 16.3046902518, 6.0573049218, 10.2126049218, 12.9388972518, 14.1176902518, 10.2126049218, 2.9102119217999984, 14.5332202518, 18.7796501361, 10.2126049218, 20.6300708361, 12.9388972518, 6.2760049217999985, 11.5040065518, 14.5332202518, 10.2126049218, 6.0573049218, 16.3046902518, 10.2126049218, 10.2126049218, 10.2126049218, 10.2126049218, 12.3462202518, 9.962390251799999, 18.949813826400003, 9.2204240391], "eval_reward": [0.7232119217999989, 0.7232119217999989, 0.7232119217999989, 0.7232119217999989, 0.7232119217999989, 0.7232119217999989, 0.7232119217999989, 0.7232119217999989, 0.7232119217999989, 0.7232119217999989, 0.7232119217999989, 0.7232119217999989, 2.9102119217999984, 0.7232119217999989, 2.9102119217999984, 2.9102119217999984, -1.4637880782000008, -1.4637880782000008, 5.0651240391000005, 2.9102119217999984, 5.0651240391000005, 2.9102119217999984, 2.9102119217999984, 7.492195621800001, 8.7835972518, 8.7835972518, 8.7835972518, 7.492195621800001, 7.492195621800001, 10.991894039100002, 10.991894039100002, 10.991894039100002, 9.9458587188, 10.991894039100002, 15.989407739100002, 15.1637255721, 14.1176902518, 16.3259870391, 17.7608777391, 16.3259870391, 16.3046902518, 16.3259870391, 17.7608777391, 17.7608777391, 8.7835972518, 7.3487065518, 8.7835972518, 8.7835972518, 8.7835972518, 6.0573049218, 6.0573049218, 6.0573049218, 6.0573049218, 6.0573049218, 6.0573049218, 10.2126049218, 10.2126049218, 16.3046902518, 11.5040065518, 11.5040065518, 6.0573049218, 6.0573049218, 6.0573049218, 6.0573049218, 6.0573049218, 6.2760049217999985, 6.0573049218, 14.5332202518, 14.5332202518, 11.5040065518, 12.9388972518, 11.5040065518, 11.5040065518, 16.3046902518, 6.0573049218, 10.2126049218, 10.2126049218, 16.3259870391, 11.5040065518, 2.9102119217999984, 10.2126049218, 14.1176902518, 10.2126049218, 2.9102119217999984, 14.5332202518, 10.2126049218, 2.9102119217999984, 14.5332202518, 10.2126049218, 10.2126049218, 10.2126049218, 4.504534921799999, 10.2126049218, 2.9102119217999984, 6.2760049217999985, 6.0573049218, 10.2126049218, 10.2126049218, 19.969174526400003, 6.0573049218], "params": {"model_version": "2res_DQN", "mdp_path": "./RDDL/Reservoir_disc_2res_target/", "value_xadd_path": {"v_source": "./value_xadd/2res/v_source.json", "v_target": "./value_xadd/2res/v_target.json", "v_diff": "./value_xadd/2res/v_diff.json"}, "q_xadd_path": {"q_source": "./value_xadd/2res/q_source.json", "q_target": "./value_xadd/2res/q_target.json", "q_diff": "./value_xadd/2res/q_diff.json"}, "num_episodes": 100, "eps_length": 10, "epsilon": 0.1, "replay_memory_size": 1000, "batch_size": 128, "gamma": 0.9, "seed": 0, "learning_rate": 0.005, "update_rate": 2, "agent_type": "vanilla"}}