{"train_reward": [10.991894039100002, 3.3635702420999993, 10.970597251800001, 6.0573049218, 0.7232119217999989, 0.7232119217999989, 10.555067251799997, 4.8785119217999995, 7.828774921799998, 6.0573049218, 2.317534921799999, 10.970597251800001, 6.8152972518, 10.751897251799999, 6.2760049217999985, 3.9562472420999986, 9.9458587188, -1.4637880782000008, 11.984074921799998, 8.393088718799998, 7.033424039100001, -1.4637880782000008, 5.305195621799999, 2.7128087090999995, 8.004233339099999, 1.2927963887999994, 8.244304921800001, 2.9102119217999984, 2.9102119217999984, 2.9102119217999984, 12.016632572100002, 8.7835972518, 11.273518621800001, 2.9102119217999984, 4.504534921799999, 13.610955572100002, 22.285314689400003, 8.244304921800001, 8.244304921800001, 21.2392793691, 19.644956369099997, 8.244304921800001, 8.244304921800001, 8.7835972518, 12.132858718800001, 8.244304921800001, 8.244304921800001, 8.244304921800001, 8.244304921800001, 22.156174526400005, 13.7271817188, 12.132858718800001, 14.773217039100002, 8.244304921800001, 10.841457088800002, 18.806913059400003, 18.5129870391, 10.970597251800001, 17.4669517188, 10.841457088800002, 13.178894039100003, 16.1755500888, 16.678592456400004, 21.2392793691, 10.970597251800001, 15.2799517188, 9.5357065518, 10.970597251800001, 8.244304921800001, 12.016632572100002, 15.013288621800001, 9.5357065518, 19.969174526400003, 8.244304921800001, 2.9102119217999984, 23.447576156400004, 15.013288621800001, 2.9102119217999984, 13.7271817188, 12.016632572100002, 19.8043886691, 19.270979369099997, 14.470295669100004, 11.273518621800001, 23.447576156400004, 20.1932440488, 8.244304921800001, 10.841457088800002, 23.447576156400004, 12.319553942100002, 9.290340242100003, 22.285314689400003, 21.2392793691, 12.132858718800001, 8.244304921800001, 4.504534921799999, 19.0309825818, 10.841457088800002, 8.244304921800001, 10.970597251800001], "eval_reward": [13.178894039100003, 10.970597251800001, 0.7232119217999989, 0.7232119217999989, 0.7232119217999989, 0.7232119217999989, 4.089004921799999, 0.7232119217999989, 0.7232119217999989, 0.7232119217999989, 0.7232119217999989, 0.7232119217999989, 10.991894039100002, 2.9102119217999984, 2.9102119217999984, 10.991894039100002, -1.4637880782000008, -1.4637880782000008, 2.9102119217999984, -1.4637880782000008, -1.4637880782000008, 8.8048940391, -1.4637880782000008, 2.9102119217999984, 8.8048940391, 2.9102119217999984, 2.9102119217999984, 2.9102119217999984, 2.9102119217999984, 2.9102119217999984, 10.991894039100002, 10.970597251800001, 2.9102119217999984, 2.9102119217999984, 2.9102119217999984, 22.4015408361, 8.244304921800001, 8.244304921800001, 8.244304921800001, 23.447576156400004, 8.244304921800001, 16.064618669100003, 8.244304921800001, 12.132858718800001, 8.244304921800001, 8.244304921800001, 8.244304921800001, 8.244304921800001, 23.447576156400004, 20.3170146894, 10.970597251800001, 10.970597251800001, 13.7271817188, 8.244304921800001, 19.969174526400003, 10.970597251800001, 15.498651718799998, 15.498651718799998, 10.970597251800001, 8.7835972518, 8.244304921800001, 8.244304921800001, 23.447576156400004, 8.244304921800001, 16.3259870391, 10.970597251800001, 10.970597251800001, 8.244304921800001, 8.244304921800001, 23.447576156400004, 2.9102119217999984, 19.969174526400003, 8.244304921800001, 2.9102119217999984, 23.447576156400004, 23.447576156400004, 2.9102119217999984, 2.9102119217999984, 8.244304921800001, 17.3507255721, 19.8043886691, 8.244304921800001, 8.244304921800001, 15.013288621800001, 23.447576156400004, 8.244304921800001, 8.244304921800001, 23.447576156400004, 15.013288621800001, 8.244304921800001, 23.447576156400004, 23.447576156400004, 9.5357065518, 8.244304921800001, 2.9102119217999984, 4.504534921799999, 8.244304921800001, 19.8043886691, 8.244304921800001, 8.244304921800001], "params": {"model_version": "2res_DQN", "mdp_path": "./RDDL/Reservoir_disc_2res_target/", "value_xadd_path": {"v_source": "./value_xadd/2res/v_source.json", "v_target": "./value_xadd/2res/v_target.json", "v_diff": "./value_xadd/2res/v_diff.json"}, "q_xadd_path": {"q_source": "./value_xadd/2res/q_source.json", "q_target": "./value_xadd/2res/q_target.json", "q_diff": "./value_xadd/2res/q_diff.json"}, "num_episodes": 100, "eps_length": 10, "epsilon": 0.1, "replay_memory_size": 1000, "batch_size": 128, "gamma": 0.9, "seed": 0, "learning_rate": 0.005, "update_rate": 2, "agent_type": "ppr"}}