{"train_reward": [10.991894039100002, 0.7232119217999989, 0.7232119217999989, 10.991894039100002, 0.7232119217999989, 0.7232119217999989, 4.8785119217999995, 0.7232119217999989, 4.8785119217999995, 2.317534921799999, 4.089004921799999, 8.244304921800001, 2.317534921799999, 10.751897251799999, 9.829632572100001, 14.5332202518, 2.9102119217999984, 4.089004921799999, 10.970597251800001, 2.9102119217999984, 8.244304921800001, 2.9102119217999984, 2.9102119217999984, 13.178894039100003, 5.550570242099999, 2.9102119217999984, 2.9102119217999984, 2.9102119217999984, 2.9102119217999984, 10.2126049218, -1.4637880782000008, 8.8048940391, -1.4637880782000008, 7.6426325721, 6.5965972518, 9.673817788800001, 6.0573049218, 9.9458587188, 6.5965972518, 12.550041872100001, 4.3071317091, 6.0573049218, 8.244304921800001, 17.3703692061, 15.147194039100002, 6.5965972518, 4.504534921799999, 2.9102119217999984, 16.064618669100003, 14.0478177888, 6.5965972518, 2.9102119217999984, 2.9102119217999984, 8.7835972518, 6.0573049218, 2.9102119217999984, 16.1755500888, 21.2392793691, 5.0651240391000005, 7.3487065518, 2.9102119217999984, 6.0573049218, 10.991894039100002, 16.064618669100003, 15.716778506100002, 6.0573049218, 2.9102119217999984, 10.970597251800001, 23.447576156400004, 2.9102119217999984, 13.392255572100002, 20.3170146894, 10.2126049218, 16.064618669100003, 23.447576156400004, 23.447576156400004, 23.447576156400004, 20.433240836099998, 18.1764077391, 23.447576156400004, 23.447576156400004, 23.447576156400004, 12.2240717091, 4.504534921799999, 23.447576156400004, 15.579255572100001, 12.016632572100002, 23.447576156400004, 16.3852547391, 8.7835972518, 21.1101392061, 6.0573049218, 16.064618669100003, 17.062682581799997, 2.9102119217999984, 20.3170146894, 6.0573049218, 10.0483325721, 14.3363902518, 2.9102119217999984], "eval_reward": [15.147194039100002, 1.7692472420999992, 8.244304921800001, 11.7979325721, 8.7835972518, 0.7232119217999989, 4.089004921799999, 0.7232119217999989, 0.7232119217999989, 0.7232119217999989, 0.7232119217999989, 0.7232119217999989, 10.991894039100002, 0.7232119217999989, 2.9102119217999984, 2.9102119217999984, 6.0573049218, 2.9102119217999984, 2.9102119217999984, 2.9102119217999984, 2.9102119217999984, 2.9102119217999984, 2.9102119217999984, 2.9102119217999984, 2.9102119217999984, 2.9102119217999984, 4.504534921799999, 2.9102119217999984, 6.841971872099999, -1.4637880782000008, -0.3015266112000006, -1.4637880782000008, 8.8048940391, 0.7232119217999989, 11.765888429400002, 8.7835972518, 2.9102119217999984, -1.4637880782000008, 2.9102119217999984, 8.8048940391, 6.0573049218, 2.9102119217999984, 2.9102119217999984, 18.7226916894, 8.8048940391, 2.9102119217999984, 2.9102119217999984, 2.9102119217999984, 20.3170146894, 7.033424039100001, 2.9102119217999984, 2.9102119217999984, 7.103340242100001, 8.7835972518, 2.9102119217999984, 8.244304921800001, 23.447576156400004, 8.8048940391, 7.3487065518, 2.9102119217999984, 2.9102119217999984, 6.0573049218, 10.0483325721, 23.447576156400004, 8.7835972518, 2.9102119217999984, 2.9102119217999984, 23.447576156400004, 2.9102119217999984, 2.9102119217999984, 23.447576156400004, 16.4385956691, 10.0483325721, 23.447576156400004, 23.447576156400004, 23.447576156400004, 20.3170146894, 6.0573049218, 23.447576156400004, 20.3170146894, 23.447576156400004, 23.447576156400004, 4.504534921799999, 23.447576156400004, 20.3170146894, 2.9102119217999984, 23.447576156400004, 23.447576156400004, 6.0573049218, 23.447576156400004, 12.960194039100001, 2.9102119217999984, 20.3170146894, 2.9102119217999984, 23.447576156400004, 6.0573049218, 2.9102119217999984, 20.3170146894, 2.9102119217999984, 18.0329186691], "params": {"model_version": "2res_DQN", "mdp_path": "./RDDL/Reservoir_disc_2res_target/", "value_xadd_path": {"v_source": "./value_xadd/2res/v_source.json", "v_target": "./value_xadd/2res/v_target.json", "v_diff": "./value_xadd/2res/v_diff.json"}, "q_xadd_path": {"q_source": "./value_xadd/2res/q_source.json", "q_target": "./value_xadd/2res/q_target.json", "q_diff": "./value_xadd/2res/q_diff.json"}, "num_episodes": 100, "eps_length": 10, "epsilon": 0.1, "replay_memory_size": 1000, "batch_size": 128, "gamma": 0.9, "seed": 0, "learning_rate": 0.005, "update_rate": 2, "agent_type": "ppr"}}