{"train_reward": [0.7232119217999989, 0.7232119217999989, 8.244304921800001, 0.7232119217999989, 0.7232119217999989, 0.7232119217999989, 2.6915119217999983, 0.7232119217999989, 0.7232119217999989, 0.7232119217999989, 11.984074921799998, 0.7232119217999989, 0.7232119217999989, 8.244304921800001, 2.9102119217999984, 2.9102119217999984, 6.0573049218, -1.4637880782000008, 8.8048940391, -1.4637880782000008, 0.5045119217999993, 1.8854733887999995, 10.2126049218, -1.4637880782000008, 6.5965972518, 6.2760049217999985, 8.244304921800001, 6.0573049218, 8.7835972518, 10.377920251799999, 10.2126049218, 4.504534921799999, 23.447576156400004, 20.1932440488, 20.1878745264, 19.1418392061, 20.433240836099998, 17.676656369099998, 16.3852547391, 6.0573049218, 10.991894039100002, 13.748478506100001, 21.260576156400003, 18.7226916894, 8.7835972518, 6.0573049218, 6.0573049218, 17.1516692061, 20.3170146894, 18.7226916894, 12.016632572100002, 10.991894039100002, 6.0573049218, 9.829632572100001, 18.7226916894, 14.1176902518, 12.960194039100001, 16.3852547391, 7.3487065518, 18.7226916894, 14.3363902518, 6.0573049218, 8.7835972518, 6.0573049218, 17.8360886691, 20.3170146894, 6.0573049218, 7.3487065518, 14.3363902518, 14.3363902518, 14.3363902518, 10.377920251799999, 14.554517039100002, 6.0573049218, 16.544687039099998, 12.3462202518, 12.9388972518, 12.3462202518, 18.1764077391, 19.3386692061, 14.3363902518, 6.0573049218, 6.0573049218, 21.4792761564, 22.285314689400003, 14.3363902518, 6.0573049218, 16.4385956691, 21.1101392061, 6.0573049218, 20.384704526400004, 21.1101392061, 20.3170146894, 21.1101392061, 14.1176902518, 12.3462202518, 22.285314689400003, 17.105276156400002, 23.447576156400004, 12.842314739100003], "eval_reward": [0.7232119217999989, 0.7232119217999989, 0.7232119217999989, 0.7232119217999989, 0.7232119217999989, 0.7232119217999989, 0.7232119217999989, 0.7232119217999989, 0.7232119217999989, 0.7232119217999989, 0.7232119217999989, 0.7232119217999989, 2.9102119217999984, 2.9102119217999984, 2.9102119217999984, 10.991894039100002, -1.4637880782000008, -1.4637880782000008, -1.4637880782000008, 2.3388317091, -1.4637880782000008, 2.9102119217999984, 2.3388317091, 7.033424039100001, 6.0573049218, 2.9102119217999984, 6.0573049218, 8.7835972518, 6.0573049218, 10.2126049218, 2.9102119217999984, 23.447576156400004, 23.447576156400004, 20.3170146894, 20.3170146894, 20.3170146894, 20.3170146894, 18.7226916894, 8.7835972518, 6.0573049218, 8.7835972518, 19.3386692061, 20.3170146894, 11.765888429400002, 6.0573049218, 6.0573049218, 6.0573049218, 20.3170146894, 18.7226916894, 6.0573049218, 8.7835972518, 6.0573049218, 6.0573049218, 18.7226916894, 14.3363902518, 20.3170146894, 18.7226916894, 6.0573049218, 16.544687039099998, 20.3170146894, 6.0573049218, 6.0573049218, 6.0573049218, 14.3363902518, 20.3170146894, 6.0573049218, 6.0573049218, 14.3363902518, 14.3363902518, 20.3170146894, 6.0573049218, 14.3363902518, 6.0573049218, 14.3363902518, 14.3363902518, 11.5040065518, 20.3170146894, 20.3170146894, 11.5040065518, 14.3363902518, 6.0573049218, 6.0573049218, 14.5332202518, 23.447576156400004, 17.8360886691, 6.0573049218, 10.2126049218, 19.3386692061, 6.0573049218, 14.3363902518, 23.447576156400004, 17.8360886691, 20.3170146894, 13.984932572100002, 8.7835972518, 13.984932572100002, 20.3170146894, 23.447576156400004, 20.3170146894, 8.0256049218], "params": {"model_version": "2res_DQN", "mdp_path": "./RDDL/Reservoir_disc_2res_target/", "value_xadd_path": {"v_source": "./value_xadd/2res/v_source.json", "v_target": "./value_xadd/2res/v_target.json", "v_diff": "./value_xadd/2res/v_diff.json"}, "q_xadd_path": {"q_source": "./value_xadd/2res/q_source.json", "q_target": "./value_xadd/2res/q_target.json", "q_diff": "./value_xadd/2res/q_diff.json"}, "num_episodes": 100, "eps_length": 10, "epsilon": 0.1, "replay_memory_size": 1000, "batch_size": 128, "gamma": 0.9, "seed": 0, "learning_rate": 0.005, "update_rate": 2, "agent_type": "lowerbound"}}