{"train_reward": [-82.06651654740001, -82.06651654740001, -68.24652192180001, -82.06651654740001, -82.06651654740001, -82.06651654740001, -82.06651654740001, -82.06651654740001, -82.06651654740001, -66.73221682110001, -77.1046225083, -81.71783810730001, -82.06651654740001, -69.207078582, -80.8999504083, -82.06651654740001, -66.73221682110001, -76.4673184692, -82.06651654740001, -77.00374386090002, -76.65506542080001, -82.06651654740001, -81.71783810730001, -80.6330607381, -82.06651654740001, -78.7303956699, -51.370293956400005, -47.10695615640001, -47.10695615640001, -52.0688501955, -45.9935341173, -47.10695615640001, -51.253483224600004, -47.2401241173, -46.37085722730001, -47.9691241173, -46.37085722730001, -49.0021397163, -46.37085722730001, -46.022178787200005, -46.75827771630001, -49.2832601955, -47.5888025574, -47.88610180650001, -47.7292735674, -45.94039001730001, -50.678855098199996, -43.94684853810001, -52.5655047654, -56.9602391373, -59.1207062346, -49.2832601955, -47.10695615640001, -47.10695615640001, -45.9935341173, -47.10695615640001, -47.10695615640001, -47.10695615640001, -47.10695615640001, -50.529850195499996, -47.10695615640001, -45.94039001730001, -47.10695615640001, -47.5888025574, -47.0832958782, -47.10695615640001, -47.10695615640001, -45.20429108820001, -47.10695615640001, -47.10695615640001, -47.10695615640001, -47.10695615640001, -56.33218799550001, -47.10695615640001, -51.9949491246, -47.10695615640001, -47.10695615640001, -47.10695615640001, -47.10695615640001, -49.2832601955, -53.7410181564, -47.10695615640001, -55.321473956400006, -47.10695615640001, -47.10695615640001, -47.10695615640001, -48.27352229550001, -47.10695615640001, -48.7791241173, -46.75827771630001, -47.10695615640001, -45.94039001730001, -53.5841899173, -48.27352229550001, -47.10695615640001, -50.529850195499996, -47.10695615640001, -47.10695615640001, -46.37085722730001, -47.10695615640001], "eval_reward": [-82.06651654740001, -82.06651654740001, -82.06651654740001, -82.06651654740001, -82.06651654740001, -82.06651654740001, -82.06651654740001, -82.06651654740001, -82.06651654740001, -82.06651654740001, -82.06651654740001, -82.06651654740001, -82.06651654740001, -82.06651654740001, -82.06651654740001, -82.06651654740001, -82.06651654740001, -82.06651654740001, -82.06651654740001, -82.06651654740001, -82.06651654740001, -82.06651654740001, -82.06651654740001, -82.06651654740001, -82.06651654740001, -47.10695615640001, -47.10695615640001, -47.10695615640001, -47.10695615640001, -47.10695615640001, -47.10695615640001, -47.10695615640001, -49.35829966470001, -46.75827771630001, -46.37085722730001, -46.37085722730001, -46.37085722730001, -46.37085722730001, -46.37085722730001, -46.022178787200005, -47.10695615640001, -47.10695615640001, -48.19173352560001, -47.88610180650001, -46.67648894640001, -45.94039001730001, -47.10695615640001, -44.0908690491, -57.3476596263, -58.9638779955, -47.10695615640001, -47.10695615640001, -47.10695615640001, -47.10695615640001, -47.10695615640001, -47.10695615640001, -47.10695615640001, -47.10695615640001, -47.10695615640001, -47.10695615640001, -47.10695615640001, -47.10695615640001, -47.10695615640001, -47.10695615640001, -47.10695615640001, -47.10695615640001, -47.10695615640001, -47.10695615640001, -47.10695615640001, -47.10695615640001, -47.10695615640001, -47.10695615640001, -47.10695615640001, -47.10695615640001, -47.10695615640001, -47.10695615640001, -47.10695615640001, -47.10695615640001, -47.10695615640001, -47.10695615640001, -47.10695615640001, -47.10695615640001, -47.10695615640001, -47.10695615640001, -47.10695615640001, -47.10695615640001, -47.10695615640001, -47.10695615640001, -47.10695615640001, -47.10695615640001, -47.10695615640001, -47.10695615640001, -47.10695615640001, -47.10695615640001, -47.10695615640001, -47.10695615640001, -47.10695615640001, -47.10695615640001, -47.10695615640001, -47.10695615640001], "params": {"model_version": "1agent_DQN", "domain_path": "./RDDL/navigation/navigation_disc/domain.rddl", "instance_path": "./RDDL/navigation/navigation_disc/instance_1agent_target.rddl", "value_xadd_path": {"v_source": "./exported_xadd/navigation/1agent/5_step/v_source.json", "v_target": "./exported_xadd/navigation/1agent/5_step/v_target.json", "v_diff": "./exported_xadd/navigation/1agent/5_step/v_diff.json"}, "q_xadd_path": {"q_source": "./exported_xadd/navigation/1agent/5_step/q_source.json", "q_target": "./exported_xadd/navigation/1agent/5_step/q_target.json", "q_diff": "./exported_xadd/navigation/1agent/5_step/q_diff.json"}, "num_episodes": 100, "eps_length": 10, "epsilon": 0.1, "psi": 0.2, "replay_memory_size": 1000, "batch_size": 256, "gamma": 0.9, "seed": 0, "learning_rate": 0.005, "update_rate": 1, "agent_type": "rewardshaping", "save": true}}