{"train_reward": [-82.06651654740001, -82.06651654740001, -68.24652192180001, -82.06651654740001, -82.06651654740001, -82.06651654740001, -82.06651654740001, -82.06651654740001, -82.06651654740001, -66.73221682110001, -77.1046225083, -81.71783810730001, -82.06651654740001, -69.207078582, -80.8999504083, -82.06651654740001, -66.73221682110001, -76.4673184692, -82.06651654740001, -77.00374386090002, -76.65506542080001, -82.06651654740001, -81.71783810730001, -80.6330607381, -82.06651654740001, -78.7303956699, -51.370293956400005, -47.10695615640001, -47.10695615640001, -52.0688501955, -45.9935341173, -47.10695615640001, -50.5173842955, -47.2401241173, -47.10695615640001, -46.8843467481, -56.00719476540001, -48.2660407872, -44.85561264810001, -48.1538476872, -45.38705364810001, -48.1984828263, -44.988780608999996, -45.38705364810001, -45.38705364810001, -48.1538476872, -52.2328417263, -45.38705364810001, -50.389200726300004, -49.53894768719999, -45.38705364810001, -45.38705364810001, -45.38705364810001, -45.38705364810001, -44.220487509, -45.38705364810001, -44.650954719000005, -45.38705364810001, -45.38705364810001, -49.158626127299996, -45.38705364810001, -45.38705364810001, -45.38705364810001, -47.8002097872, -47.165084648100006, -45.038375208000005, -47.031916687199995, -45.038375208000005, -45.865350548100004, -44.650954719000005, -45.038375208000005, -44.650954719000005, -56.41397676540001, -44.725994188200005, -49.53894768719999, -43.742190609, -43.742190609, -43.742190609, -43.742190609, -45.38705364810001, -51.9679715481, -43.742190609, -55.054584286200004, -44.220487509, -44.4782895381, -44.0908690491, -46.075322887199995, -44.220487509, -47.006077509, -43.742190609, -44.0908690491, -44.0908690491, -52.9298797581, -46.075322887199995, -45.865350548100004, -47.6433815481, -43.742190609, -43.210749609000004, -45.865350548100004, -43.742190609], "eval_reward": [-82.06651654740001, -82.06651654740001, -82.06651654740001, -82.06651654740001, -82.06651654740001, -82.06651654740001, -82.06651654740001, -82.06651654740001, -82.06651654740001, -82.06651654740001, -82.06651654740001, -82.06651654740001, -82.06651654740001, -82.06651654740001, -82.06651654740001, -82.06651654740001, -82.06651654740001, -82.06651654740001, -82.06651654740001, -82.06651654740001, -82.06651654740001, -82.06651654740001, -82.06651654740001, -82.06651654740001, -82.06651654740001, -47.10695615640001, -47.10695615640001, -47.10695615640001, -47.10695615640001, -47.10695615640001, -47.10695615640001, -47.10695615640001, -47.10695615640001, -47.10695615640001, -47.10695615640001, -68.48294289930001, -45.38705364810001, -46.022178787200005, -45.38705364810001, -45.38705364810001, -45.38705364810001, -46.022178787200005, -43.210749609000004, -45.38705364810001, -48.1538476872, -45.38705364810001, -45.38705364810001, -45.38705364810001, -45.38705364810001, -45.38705364810001, -45.38705364810001, -45.38705364810001, -45.38705364810001, -45.38705364810001, -45.38705364810001, -45.38705364810001, -45.38705364810001, -45.38705364810001, -45.38705364810001, -45.38705364810001, -45.38705364810001, -45.38705364810001, -45.38705364810001, -45.38705364810001, -45.38705364810001, -45.038375208000005, -45.038375208000005, -44.650954719000005, -44.650954719000005, -44.650954719000005, -44.650954719000005, -44.650954719000005, -45.038375208000005, -44.650954719000005, -44.220487509, -43.742190609, -44.220487509, -43.742190609, -43.742190609, -43.742190609, -43.742190609, -44.0908690491, -44.220487509, -44.220487509, -43.742190609, -44.0908690491, -43.742190609, -44.220487509, -44.220487509, -43.742190609, -43.742190609, -44.220487509, -44.220487509, -43.742190609, -43.742190609, -44.220487509, -43.742190609, -43.742190609, -43.742190609, -43.742190609], "params": {"model_version": "1agent_DQN", "domain_path": "./RDDL/navigation/navigation_disc/domain.rddl", "instance_path": "./RDDL/navigation/navigation_disc/instance_1agent_target.rddl", "value_xadd_path": {"v_source": "./exported_xadd/navigation/1agent/5_step/v_source.json", "v_target": "./exported_xadd/navigation/1agent/5_step/v_target.json", "v_diff": "./exported_xadd/navigation/1agent/5_step/v_diff.json"}, "q_xadd_path": {"q_source": "./exported_xadd/navigation/1agent/5_step/q_source.json", "q_target": "./exported_xadd/navigation/1agent/5_step/q_target.json", "q_diff": "./exported_xadd/navigation/1agent/5_step/q_diff.json"}, "num_episodes": 100, "eps_length": 10, "epsilon": 0.1, "psi": 0.2, "replay_memory_size": 1000, "batch_size": 256, "gamma": 0.9, "seed": 0, "learning_rate": 0.005, "update_rate": 1, "agent_type": "lowerbound", "save": true}}