{"train_reward": [-82.06651654740001, -82.06651654740001, -68.24652192180001, -82.06651654740001, -82.06651654740001, -82.06651654740001, -82.06651654740001, -82.06651654740001, -82.06651654740001, -66.73221682110001, -77.1046225083, -81.71783810730001, -82.06651654740001, -69.207078582, -80.8999504083, -82.06651654740001, -66.73221682110001, -76.4673184692, -82.06651654740001, -77.00374386090002, -76.65506542080001, -82.06651654740001, -81.71783810730001, -80.6330607381, -82.06651654740001, -78.7303956699, -51.370293956400005, -47.10695615640001, -47.10695615640001, -52.0688501955, -45.9935341173, -47.10695615640001, -80.8999504083, -78.6436225083, -69.78832741349999, -47.9691241173, -52.6405442346, -72.14272846920001, -71.4066295401, -72.14272846920001, -76.1842500291, -61.6626363519, -68.7198344301, -66.609140391, -61.6626363519, -63.838940391, -60.0177733128, -63.838940391, -62.6723742519, -61.80114635190001, -58.771183312800005, -54.8168482737, -56.99315231280001, -55.5209544546, -46.9501279173, -51.4595642346, -49.987366376400004, -47.10695615640001, -47.10695615640001, -50.529850195499996, -47.10695615640001, -45.94039001730001, -47.10695615640001, -47.5888025574, -47.0832958782, -47.10695615640001, -47.10695615640001, -45.20429108820001, -47.10695615640001, -47.10695615640001, -47.10695615640001, -47.10695615640001, -56.33218799550001, -47.10695615640001, -51.9949491246, -46.75827771630001, -44.85561264810001, -44.85561264810001, -43.210749609000004, -45.38705364810001, -53.134537687199995, -48.1538476872, -55.40326272630001, -45.38705364810001, -44.650954719000005, -43.210749609000004, -45.5438818872, -43.210749609000004, -48.172643648100006, -45.38705364810001, -45.38705364810001, -45.7357320882, -52.499412548100004, -45.5438818872, -44.85561264810001, -46.633643648100005, -45.38705364810001, -43.210749609000004, -47.031916687199995, -43.210749609000004], "eval_reward": [-82.06651654740001, -82.06651654740001, -82.06651654740001, -82.06651654740001, -82.06651654740001, -82.06651654740001, -82.06651654740001, -82.06651654740001, -82.06651654740001, -82.06651654740001, -82.06651654740001, -82.06651654740001, -82.06651654740001, -82.06651654740001, -82.06651654740001, -82.06651654740001, -82.06651654740001, -82.06651654740001, -82.06651654740001, -82.06651654740001, -82.06651654740001, -82.06651654740001, -82.06651654740001, -82.06651654740001, -82.06651654740001, -47.10695615640001, -47.10695615640001, -47.10695615640001, -47.10695615640001, -47.10695615640001, -47.10695615640001, -82.06651654740001, -82.06651654740001, -82.06651654740001, -47.10695615640001, -47.10695615640001, -72.14272846920001, -72.14272846920001, -72.14272846920001, -82.06651654740001, -72.14272846920001, -72.14272846920001, -72.14272846920001, -63.838940391, -63.838940391, -63.838940391, -63.838940391, -63.838940391, -60.4160463519, -60.4160463519, -56.99315231280001, -56.99315231280001, -56.99315231280001, -51.4595642346, -51.4595642346, -51.4595642346, -47.10695615640001, -47.10695615640001, -47.10695615640001, -47.10695615640001, -47.10695615640001, -47.10695615640001, -47.10695615640001, -47.10695615640001, -47.10695615640001, -47.10695615640001, -47.10695615640001, -47.10695615640001, -47.10695615640001, -47.10695615640001, -47.10695615640001, -47.10695615640001, -47.10695615640001, -47.10695615640001, -47.10695615640001, -46.37085722730001, -44.85561264810001, -43.210749609000004, -43.210749609000004, -45.38705364810001, -45.38705364810001, -48.1538476872, -45.38705364810001, -45.38705364810001, -43.210749609000004, -43.210749609000004, -43.210749609000004, -45.38705364810001, -45.38705364810001, -45.38705364810001, -45.38705364810001, -43.210749609000004, -43.210749609000004, -43.210749609000004, -43.210749609000004, -45.38705364810001, -45.38705364810001, -45.38705364810001, -43.210749609000004, -43.210749609000004], "params": {"model_version": "1agent_DQN", "domain_path": "./RDDL/navigation/navigation_disc/domain.rddl", "instance_path": "./RDDL/navigation/navigation_disc/instance_1agent_target.rddl", "value_xadd_path": {"v_source": "./exported_xadd/navigation/1agent/5_step/v_source.json", "v_target": "./exported_xadd/navigation/1agent/5_step/v_target.json", "v_diff": "./exported_xadd/navigation/1agent/5_step/v_diff.json"}, "q_xadd_path": {"q_source": "./exported_xadd/navigation/1agent/5_step/q_source.json", "q_target": "./exported_xadd/navigation/1agent/5_step/q_target.json", "q_diff": "./exported_xadd/navigation/1agent/5_step/q_diff.json"}, "num_episodes": 100, "eps_length": 10, "epsilon": 0.1, "psi": 0.2, "replay_memory_size": 1000, "batch_size": 256, "gamma": 0.9, "seed": 0, "learning_rate": 0.005, "update_rate": 1, "agent_type": "dqn", "save": true}}