{"train_reward": [36.67091495625, 39.21304230450001, 14.000643499500002, -57.13367350950001, 26.42315240925, 48.97944775575001, 44.570047005, 47.522497005, 51.26797015425, 29.826604804499997, 57.235348917, 41.70526492950001, 33.116779804500005, 45.7791048045, 37.84015305450001, 23.4127649295, 23.4127649295, 22.80301090425001, 41.35642758450001, 48.50949543075001, -14.6358418815, -3.672268240499993, 44.106869929500014, 53.234041054500004, 47.44159495425, 34.863547167, 30.0207910545, 10.414279804500003, 28.669686329250002, 49.63246525575001, 42.8266548045, 28.315175674500004, 31.32601492950001, -22.002691009500005, 8.348208750000001, -4.8908527087500016, 52.56, 36.724184505, 23.594024805750006, -35.75827928700001, 32.20597980450001, 23.043633750000005, 33.38743450500001, 43.087500000000006, 52.3652531175, 43.087500000000006, -2.16770974425, 31.818375000000007, 36.26921530575001, 25.164517500000002, 43.93160779950001, 43.486773417, 43.087500000000006, 28.436815917000004, 51.756630153749995, 43.087500000000006, 5.766904804499996, 12.924024077250001, 34.27875, 25.744394749500007, 30.937792500000008, 37.96226550000001, 28.306741054500005, 37.68779250000001, 36.490050000000004, 16.392991054500005, 53.708175, 5.929063200000002, 32.733644584500006, 56.660624999999996, 31.818375000000007, 20.251169064000003, 48.150000000000006, 34.06307085450001, 41.36537835450001, 52.56, 34.27875, 15.737964259500007, 48.003750000000004, 25.7853577995, 2.7898378065, 12.655383750000002, 38.61035779950001, 45.28502145, 43.087500000000006, 32.535357799500005, -16.87143756825, 25.591647555, 41.613149805750005, -67.96821038400002, 13.525875000000003, 31.606162249500006, 39.293536950000004, 40.353750000000005, 41.34410779950001, 22.390759575, 43.087500000000006, 25.985544304500007, 44.80858856249999, 34.27875], "eval_reward": [27.95546425950001, 46.49758335450001, 26.513040255750006, 37.370620084500004, 6.321179457000003, 38.12792350950001, 47.18513530575, 17.337764929500004, 26.0030878065, 51.23444508450001, 29.567595514500002, -5.849399888999999, 10.691917755750007, 56.06170083450001, 42.8266548045, 42.8266548045, 36.7707910545, -11.045431541249997, 47.688547167, 57.678216417, 30.554889259500012, 13.349703404250002, 48.20749492950001, 51.27577391700001, -9.271029186, 50.575064584500005, 45.80229545325001, 47.669410917, 1.2484817595000024, 38.45077391700001, 42.538441009500005, 42.845791054500005, 41.12927155575, 42.845791054500005, 27.528750000000002, 48.313291054500006, 43.087500000000006, 43.087500000000006, 42.538441009500005, 43.087500000000006, 48.10642758450001, 40.353750000000005, 6.044208750000002, 42.8266548045, 43.087500000000006, 37.940541417, 43.087500000000006, 34.27875, 42.845791054500005, 12.465787500000003, 36.7707910545, -13.826906662499994, 34.27875, 31.865541417000006, 25.81752037500001, 13.525875000000003, 12.637080935999997, 25.068375000000007, 6.390787500000005, 37.940541417, 34.27875, 43.087500000000006, 48.313291054500006, 43.087500000000006, 43.087500000000006, 42.861291417000004, 43.087500000000006, 13.525875000000003, 51.27577391700001, 43.087500000000006, 54.146121750000006, 42.845791054500005, 34.27875, 42.845791054500005, 53.648122167, 43.087500000000006, 17.21965675950001, 33.116779804500005, 19.600875000000002, 50.056683255, 53.708175, 43.087500000000006, 28.890406759500006, 34.27875, 43.087500000000006, -7.441779185999999, 34.27875, 40.353750000000005, 31.865541417000006, 43.087500000000006, 31.818375000000007, 10.204104185999995, 43.087500000000006, 43.087500000000006, 48.328791417000005, 34.27875, 40.353750000000005, 42.845791054500005, 25.068375000000007, 43.087500000000006], "params": {"model_version": "1inv_DQN", "domain_path": "./RDDL/inventory/inventory_disc/domain.rddl", "instance_path": "./RDDL/inventory/inventory_disc/instance_1inv_target.rddl", "value_xadd_path": {"v_source": "./exported_xadd/inventory/1inv/10_step/v_source.json", "v_target": "./exported_xadd/inventory/1inv/10_step/v_target.json", "v_diff": "./exported_xadd/inventory/1inv/10_step/v_diff.json"}, "q_xadd_path": {"q_source": "./exported_xadd/inventory/1inv/10_step/q_source.json", "q_target": "./exported_xadd/inventory/1inv/10_step/q_target.json", "q_diff": "./exported_xadd/inventory/1inv/10_step/q_diff.json"}, "num_episodes": 100, "eps_length": 10, "epsilon": 0.1, "replay_memory_size": 1000, "batch_size": 256, "gamma": 0.9, "seed": 0, "learning_rate": 0.005, "update_rate": 1, "agent_type": "ppr"}}