{"train_reward": [26.472385336500004, 19.113466081500007, 26.23794887475, -102.16593086850001, -40.252689418500005, -29.74426741350001, 156.42778816575003, 80.959145184, -32.53406981850001, 76.57179887474999, 22.430750287500004, 60.99864568425001, 20.39422367925, 7.143938086500004, 15.975200684250002, 57.95780216175001, 20.39422367925, 63.68908747500001, 38.094997500000005, 8.1998108865, -92.90241232200003, 38.094997500000005, 165.26388057525003, 14.028930922499999, 77.998275, 75.10923041850002, 37.82814568425, 15.714897975000007, 48.829532017500014, 73.17020068425, 80.578842975, 61.38296559900001, -42.5697394185, -53.607299832, 44.29874740500001, -6.524175366000002, -31.867403368500007, 81.11475, 62.09764876800001, -61.258455868500015, 120.59549775, 41.80360275, -36.348337053, 46.0391904315, 120.79750050000001, 85.03494750000002, 5.399115183000004, 74.09499750000002, 92.04975, 64.86975000000001, 73.41975000000001, 70.30327500000001, 70.30327500000001, 38.094997500000005, 72.42565275000001, 72.66910275000001, 35.38408747500001, 18.13268970675001, 50.66095274999999, 61.06528572075001, 64.86975000000001, 81.11475, 84.57750000000001, -0.06573719024999658, 71.08421301000001, 43.26565275, 105.81975, -25.0565863635, 115.53277500000002, 84.57750000000001, 70.30327500000001, -8.803495428749997, 52.02294750000001, 77.998275, -77.53199042700001, 73.41975000000001, 63.37777500000001, -9.361034113500004, 77.50754775, 79.53277500000002, -30.035408593500016, 54.82777500000001, 63.37777500000001, 93.69047827575001, 54.82777500000001, 62.726520663000024, -107.75659136850003, 81.07870050000001, 92.90704051350002, -135.5318963685, 47.132775, 77.998275, 42.790497750000014, 81.11475, 49.49860275, 42.52766942475001, 66.335397975, 70.30327500000001, 54.03832468425001, 67.49844750000001], "eval_reward": [26.472385336500004, 86.52319922925, 18.338385586500003, -107.77558586850002, -45.98926741350001, 38.281332361500006, 122.65374741975, -32.30801141850001, 18.739065856500005, 53.914375134000004, -27.099819913500003, -21.034897168500002, -37.34981141850001, -14.860999363500007, 78.15828872925002, 39.293875134000004, 70.19494018425, 51.81565275, 64.99983872925002, 26.038966081500007, 54.82777500000001, 63.37777500000001, 114.02048837474999, 63.37777500000001, 52.02294750000001, 37.062118179, 84.57750000000001, 73.41975000000001, -22.266036418500015, 29.76499033650001, 81.11475, 37.82814568425, 49.952219634, 81.11475, 47.22669247500001, 2.0190134115000005, 84.57750000000001, 72.66910275000001, -10.11047491350001, 2.1241210814999985, 33.29874247500001, 60.572947500000005, -89.74664636850002, 63.37777500000001, 70.30327500000001, -19.915889413500008, 37.655997750000004, 47.132775, 54.82777500000001, 45.789997500000005, 63.37777500000001, 12.485918227500004, 73.41975000000001, 70.30327500000001, 62.702192475000004, 47.132775, 67.49844750000001, 45.789997500000005, -70.30863086850002, 77.998275, 73.41975000000001, 47.132775, 70.30327500000001, 63.37777500000001, 77.998275, 81.11475, 81.11475, -22.074422413500006, 81.11475, 84.57750000000001, 84.57750000000001, 81.11475, 73.41975000000001, 72.84125068425001, 63.37777500000001, 84.57750000000001, -7.764936322499986, 49.79767367925, 49.49860275, 53.914375134000004, 84.57750000000001, 84.57750000000001, -31.404164413500016, 73.41975000000001, 84.57750000000001, -14.867199913500006, 38.094997500000005, 81.11475, 15.627003129, 84.57750000000001, 67.49844750000001, 77.998275, 84.57750000000001, 64.97410275, 84.57750000000001, 22.411618411499997, 54.82777500000001, 81.11475, 58.94844750000001, 84.57750000000001], "params": {"model_version": "1inv_DQN", "domain_path": "./RDDL/inventory/inventory_disc/domain.rddl", "instance_path": "./RDDL/inventory/inventory_disc/instance_1inv_target.rddl", "value_xadd_path": {"v_source": "./exported_xadd/inventory/1inv/10_step/v_source.json", "v_target": "./exported_xadd/inventory/1inv/10_step/v_target.json", "v_diff": "./exported_xadd/inventory/1inv/10_step/v_diff.json"}, "q_xadd_path": {"q_source": "./exported_xadd/inventory/1inv/10_step/q_source.json", "q_target": "./exported_xadd/inventory/1inv/10_step/q_target.json", "q_diff": "./exported_xadd/inventory/1inv/10_step/q_diff.json"}, "num_episodes": 100, "eps_length": 10, "epsilon": 0.1, "replay_memory_size": 1000, "batch_size": 128, "gamma": 0.9, "seed": 0, "learning_rate": 0.005, "update_rate": 1, "agent_type": "lowerbound"}}