{"train_reward": [7.646532122730347, 27.433995022788103, 4.906165805315524, -79.47720614304168, -35.41873363041352, 32.718540427123926, 58.84640182196685, 45.21971750401726, 33.278568347824844, 30.755840718956364, 61.19179003913939, 15.121372412195749, 41.33327172394107, 54.754158058497566, 38.48186113047766, 3.3683101917256577, 3.3195490875000013, 25.305870123605157, 26.669250000000005, 36.41182719723449, -22.063587624675005, -2.6811436949999967, 60.21222067910219, 50.02875, 53.35729201313817, 24.204825000000007, 25.051849581640628, 31.35543985622917, 28.67841496560945, 22.61457040554563, 46.93005000000001, 37.3333068413937, 13.214687016163507, 8.120054830422156, 2.888811230175001, 14.848086600562503, 51.79393460300626, 37.6919471042991, 22.50109698116564, -27.83020245094125, 48.88491037725195, 2.275911571801953, 37.502100000000006, 46.820714640835504, 52.84160779950001, 49.10223990557408, -2.8900349999999975, 27.44904514206383, 50.02875, 25.068633750000004, 56.74817414116351, 47.31828750000001, 51.669000000000004, 16.288591027758752, 45.824982799500006, 43.36113375, 4.694652675000002, 30.234644575591556, 32.61819682351501, 33.1361116411635, 31.371750000000002, 43.138116000000004, 49.35421724437659, 40.12650000000001, 52.3575, 23.026059337500005, 52.08943692512408, -0.44846212499999627, 48.955989905574086, 50.02875, 31.070027750625005, 8.717005285875004, 49.420866727047155, 50.02875, 42.100875, 50.02875, 37.139708905875, 15.104234519550001, 60.745106250000006, 27.49594616304176, -11.490284076539627, 13.753873655574079, 36.8701016460942, 53.90709116738287, 49.743246547985066, 35.41799172704715, 3.2195925000000027, 26.669250000000005, 45.354037500000004, -55.24357611825001, 10.598287500000003, 25.4835916411635, 36.025875, 42.11068020473804, 42.8111868375, 14.016082500000001, 50.96684147060625, 24.960781305000005, 44.27902220625001, 33.8115375], "eval_reward": [7.646532122730347, 34.01310878153394, -0.3729844383983273, 24.768956558517047, -21.689737294725337, 20.090140252814162, 50.49567462627253, 1.6194838078928424, 11.62634880293423, 29.00420365053687, 13.150195071757176, -33.47383068051868, -7.882237979747929, 47.568375, 53.88121396554173, 53.731793873966296, 36.025875, -33.64498703870542, 42.100875, 49.95163395537342, 29.275875000000003, -6.757919925782668, 50.02875, 42.100875, -29.37607147852526, 50.02875, 8.58819508125696, 50.02875, -16.53529496318245, 29.275875000000003, 39.8865375, 43.8914336175, 36.025875, 43.8914336175, 29.275875000000003, 47.568375, 47.568375, 45.354037500000004, 22.356891809757936, 50.02875, 33.11456583560626, 39.8865375, -9.251760146625001, 50.02875, 47.568375, 34.965787500000005, 45.354037500000004, 36.025875, 42.100875, -10.668263436000004, 36.025875, -31.22319682125, 17.884352510606256, 28.890787500000005, 11.488309087500003, -12.683357101448065, 33.8115375, 22.140787500000005, -2.5376546249999956, 34.965787500000005, 32.099789210625005, 50.02875, 47.568375, 50.02875, 45.377111925, 39.8865375, 50.02875, -1.0424303423999959, 42.100875, 50.02875, 51.2960360625, 42.100875, 36.025875, 42.100875, 50.02875, 50.02875, 20.147883750000005, 60.745106250000006, 14.68038375, 51.2960360625, 50.02875, 60.645461062500004, 31.818633750000004, 27.671114210625007, 45.354037500000004, 12.080958750000004, 28.8722815875, 42.100875, 22.750364210625005, 50.02875, 28.890787500000005, 34.965787500000005, 50.02875, 27.62609954633585, 45.354037500000004, 36.025875, 42.100875, 42.100875, 22.140787500000005, 47.568375], "params": {"model_version": "1inv_DQN", "domain_path": "./RDDL/inventory/inventory_disc/domain.rddl", "instance_path": "./RDDL/inventory/inventory_disc/instance_1inv_target.rddl", "value_xadd_path": {"v_source": "./exported_xadd/inventory/1inv/10_step/v_source.json", "v_target": "./exported_xadd/inventory/1inv/10_step/v_target.json", "v_diff": "./exported_xadd/inventory/1inv/10_step/v_diff.json"}, "q_xadd_path": {"q_source": "./exported_xadd/inventory/1inv/10_step/q_source.json", "q_target": "./exported_xadd/inventory/1inv/10_step/q_target.json", "q_diff": "./exported_xadd/inventory/1inv/10_step/q_diff.json"}, "num_episodes": 100, "eps_length": 20, "epsilon": 0.1, "replay_memory_size": 1000, "batch_size": 256, "gamma": 0.9, "seed": 0, "learning_rate": 0.005, "update_rate": 1, "agent_type": "dqn"}}