{"train_reward": [-111.7336966727825, -101.56826168976508, -151.63890886983341, -230.20575693396836, -214.3422937003427, -158.93436365585444, -37.273844349918086, -70.99291915101125, -196.65549878224215, -43.00881708294283, -64.5408825903378, -50.81201478018989, -105.30751181166781, -78.81476104669846, -32.63888816475187, -8.704133269000955, -51.997570440607156, -9.61142592432452, -34.1465184592962, -35.29245383359065, -76.88030654545284, -27.110610172731604, 24.0255171648027, -2.1708633082777933, 1.232933039999995, 6.223734000000004, -7.1510460798303015, -71.47504386385114, -14.484440009509367, 6.717504762000001, -32.15995850779196, -16.5114501534659, -73.21962821038524, -135.419384930289, -45.40848132179273, -45.13609437159987, -22.851421818997082, 22.684000283559804, -7.536725671891596, -48.363943508354026, 28.045671946018743, -99.7880143866826, -88.84396021249428, 2.5043849646105345, -1.971504886325267, -37.35890036657585, -29.86468893580306, -69.55517288039907, 18.391974942994093, -40.76639972911214, -46.043737394990906, -44.239861588397, -16.998760273968685, -67.25748464213488, -30.841090424206207, -45.383605353968655, -78.11441146295483, -75.8085629826651, -58.779789549057504, -3.0023099829073057, -49.62070904088002, -17.78466981748238, 13.377374241531175, -88.70432310285246, 11.456604266180422, -75.44350813248106, -6.638213888860447, -59.512029711402775, -5.666209389993088, -27.531337253499874, -55.31931533923011, -82.122633623374, -55.69109741943884, -36.211021165652724, -93.05485247966284, -69.54048458733484, -46.23077732143839, -33.45148106195268, -7.089760469719917, -3.4061498792668345, -60.08599110889852, -78.3466551342138, -74.34794740919016, 5.298742981330103, -59.053302642188335, -50.10639416271503, -105.88684345061696, 2.2080976043005878, -24.08071113024804, -113.91022865317346, -47.95510387490524, -26.14509914885046, -61.33972902050957, -17.227881695046666, -39.2545696079078, -28.105347486096008, -63.345497681657335, -47.174815354665036, -21.470220715102673, -56.81788945386009], "eval_reward": [-111.7336966727825, -38.73555621957728, -109.56261168876966, -266.3743514762521, -198.53153608706003, -86.04242594457533, -24.381138106065084, -213.41409778642196, -112.39176822346641, -52.030929474153105, -174.3839370603829, -176.5818075474662, -229.1454516506199, -0.22926600000000263, 40.75770892586549, -113.99427768061608, 11.621193296407773, -21.771219491803222, 10.034361677638792, -2.1243445441134043, -16.216856487, -8.50606610798331, 31.91526, 2.4734480399999996, -18.305596764, 21.649690659240004, -30.13875907090087, -12.111929586594798, -42.946961011098054, 3.8003630400000037, 6.867644868422206, -7.178639400000002, 17.023734000000005, 17.918459999999996, -34.5329351226, -23.24901032535816, 26.46198373408708, -32.16036875197088, -29.70249224903693, -57.61220998284292, -88.17490431055668, -41.74527776684707, -79.9907440502162, -14.183881591229849, -28.802333855259622, -49.93192586788272, -88.65171017556969, -7.634035343923193, -51.013262092420554, -65.8062499357049, -14.001897609723418, -72.22927710772784, -22.846309598065023, -41.541932513336, -27.616740731792003, -66.86275137504154, -49.53662265375758, -69.60492773562578, -62.926916088643985, 0.48507951576348596, -62.15729143606282, -13.499495393579984, -34.22737450027189, 7.784721593316002, -23.54116207466041, -0.01513385422200253, -39.130901225431884, -62.21312768709631, -18.87806082246209, -27.255183267833942, -0.17849802246208668, -25.76011353230964, -13.201506944526237, -20.798623212844788, -30.715589423234473, -28.352666400271715, -111.00024406594818, -9.40988950169135, -57.26785888192484, -20.641807802179887, 4.4930367296627285, -16.972176539419998, -57.058878487368844, 0.9252540629748031, -14.75897415265337, -18.857232199909582, -39.730045785621996, -44.28192228204849, -31.680638242433933, -24.311531092943792, -55.49441687488932, -51.06753372993247, 26.718262691664304, -59.8973989906273, 19.743984606420003, -56.93868014892125, -68.26017884732032, 6.783984606420002, -62.11321028428454, -8.1749198744162], "params": {"model_version": "1inv_DQN", "domain_path": "./RDDL/inventory/inventory_disc/domain.rddl", "instance_path": "./RDDL/inventory/inventory_disc/instance_1inv_target.rddl", "value_xadd_path": {"v_source": "./exported_xadd/inventory/1inv/10_step/v_source.json", "v_target": "./exported_xadd/inventory/1inv/10_step/v_target.json", "v_diff": "./exported_xadd/inventory/1inv/10_step/v_diff.json"}, "q_xadd_path": {"q_source": "./exported_xadd/inventory/1inv/10_step/q_source.json", "q_target": "./exported_xadd/inventory/1inv/10_step/q_target.json", "q_diff": "./exported_xadd/inventory/1inv/10_step/q_diff.json"}, "num_episodes": 100, "eps_length": 20, "epsilon": 0.1, "replay_memory_size": 1000, "batch_size": 256, "gamma": 0.9, "seed": 0, "learning_rate": 0.005, "update_rate": 1, "agent_type": "lowerbound", "save": true}}