{"train_reward": [26.472385336500004, 19.113466081500007, 26.23794887475, -102.16593086850001, -40.252689418500005, -29.74426741350001, 156.42778816575003, 80.959145184, -32.53406981850001, 76.57179887474999, 22.430750287500004, 60.99864568425001, 20.39422367925, 7.143938086500004, 15.975200684250002, 17.585425133999998, 20.39422367925, -23.010381418500003, -55.3719996135, 8.1998108865, -116.40884491350002, -9.240104220749998, 165.26388057525003, 6.667941631499998, -2.6375611185000025, 76.80456042975003, 37.82814568425, -70.97063941350001, -7.039956118500001, 103.20956367750003, 70.30327500000001, 64.86975000000001, 14.47568822925, -68.95345586850001, -36.39744991350001, -71.75175886350002, -31.867403368500007, 107.63761587975002, 2.0190134115000005, -61.258455868500015, 123.75711407025001, -85.85826647850003, -77.73827482800002, 46.0391904315, 56.40314286150001, 40.40033533650001, 15.515094618000006, 46.94368501125001, 135.76943651625, 63.81726481575, 98.91443651624999, 85.54718633625001, 106.54149732075001, 67.76774821575002, 80.44218271575002, 43.72775546625, 28.791570071250007, 18.13268970675001, 70.26939846675, 103.39949646675001, 66.26560275000001, 81.11475, 84.57750000000001, -0.06573719024999658, 79.26309000000002, 43.26565275, 105.81975, 43.26565275, 84.57750000000001, 84.57750000000001, 70.30327500000001, -8.803495428749997, 52.02294750000001, 77.998275, 16.802547750000006, 73.41975000000001, 63.37777500000001, 54.82777500000001, 70.30327500000001, 79.53277500000002, 43.645990599, 54.82777500000001, 63.37777500000001, 76.8100779, 54.82777500000001, 74.19847180950002, 19.29537550125, 81.07870050000001, 84.57750000000001, -46.02588919424999, -33.503061118500014, 50.01243161175, 42.790497750000014, 81.11475, 49.49860275, 43.04654775, 72.66910275000001, 70.30327500000001, 95.10219247500001, 67.49844750000001], "eval_reward": [26.472385336500004, 86.52319922925, 18.338385586500003, -107.77558586850002, -45.98926741350001, 38.281332361500006, 122.65374741975, -32.30801141850001, 18.739065856500005, 53.914375134000004, -27.099819913500003, -21.034897168500002, -37.34981141850001, -14.860999363500007, 78.15828872925002, 39.293875134000004, 70.19494018425, -37.34981141850001, 64.99983872925002, 26.038966081500007, -34.204828918500006, -45.02585336850001, 114.02048837474999, 19.546885336499997, -36.09439691850001, 37.062118179, 6.4314503864999955, 57.30483872925001, -22.266036418500015, 64.86975000000001, 81.11475, 54.82777500000001, 49.952219634, 21.029310886500003, -47.62400941350001, 2.0190134115000005, 89.35926073425001, -22.0620249135, -10.11047491350001, 2.1241210814999985, -79.4467588635, -29.481499363500017, -89.74664636850002, 3.643513411499991, 26.472385336500004, -19.915889413500008, 27.152031210750007, 97.62029821575001, 61.91565701625001, 51.64936507125002, 105.40079821575002, 12.835739265750009, 89.94049426575, 106.54149732075001, 55.49363682075001, 75.59206876575001, 46.788898961250005, 61.89730990875001, 37.63888826175001, 97.72441448625003, 73.41975000000001, 47.132775, 70.30327500000001, 63.37777500000001, 77.998275, 81.11475, 81.11475, 47.132775, 81.11475, 84.57750000000001, 84.57750000000001, 81.11475, 73.41975000000001, 81.11475, 63.37777500000001, 84.57750000000001, -7.764936322499986, 81.11475, 49.49860275, 84.57750000000001, 84.57750000000001, 84.57750000000001, 41.80360275, 73.41975000000001, 84.57750000000001, 54.3399975, 38.094997500000005, 81.11475, 70.30327500000001, 33.564465886499995, -39.98992136850001, 77.998275, 84.57750000000001, 64.97410275, 84.57750000000001, 73.41975000000001, 54.82777500000001, 81.11475, 58.94844750000001, 84.57750000000001], "params": {"model_version": "1inv_DQN", "domain_path": "./RDDL/inventory/inventory_disc/domain.rddl", "instance_path": "./RDDL/inventory/inventory_disc/instance_1inv_target.rddl", "value_xadd_path": {"v_source": "./exported_xadd/inventory/1inv/10_step/v_source.json", "v_target": "./exported_xadd/inventory/1inv/10_step/v_target.json", "v_diff": "./exported_xadd/inventory/1inv/10_step/v_diff.json"}, "q_xadd_path": {"q_source": "./exported_xadd/inventory/1inv/10_step/q_source.json", "q_target": "./exported_xadd/inventory/1inv/10_step/q_target.json", "q_diff": "./exported_xadd/inventory/1inv/10_step/q_diff.json"}, "num_episodes": 100, "eps_length": 10, "epsilon": 0.1, "replay_memory_size": 1000, "batch_size": 128, "gamma": 0.9, "seed": 0, "learning_rate": 0.005, "update_rate": 1, "agent_type": "rewardshaping"}}