{"train_reward": [7.00833179060634, -9.054679686873925, -22.719175911656926, -64.7379409612988, -137.8205594216215, -58.92384275846136, -39.277676367922965, -46.480533965283946, -118.43533646150966, 1.375781884568129, -7.515741198791863, -2.521116019692685, 8.723023008244816, 3.5607065535989224, 9.0, 3.322413106490247, 3.6000000000000014, 9.0, -1.2599999999999998, 0.48270476841592524, -5.634, 0.9095547384000011, 9.0, 9.0, 9.0, 3.6000000000000014, 1.8206939201697008, -9.623452224818672, -1.1678847772496896, -15.866218362456001, -26.861623134899627, 0.8813091242429283, 2.6544037976289063, 8.148963417866014, -5.634, 2.9849312316636016, 10.581605404293601, 5.709976795343831, 0.8460000000000005, 9.0, 3.33, -1.2599999999999998, -4.543416000000001, 9.3902486585697, 1.4562509192999986, 7.702885867803711, -6.4850365821339855, 6.981560698889354, 9.0, 3.6000000000000014, 8.054403797628906, 10.532520000000002, 12.67416, -1.2599999999999998, 1.1592509193000007, 9.0, -0.12008699999999894, 3.6000000000000014, 1.4218841148178827, -4.997953997700126, -19.471701820705515, -1.3690701295102685, -7.1765944283116845, -10.5573744, 3.33, 3.6000000000000014, 0.4032116951737099, 3.6000000000000014, 6.241297663644932, 9.0, 5.9441821509636, -6.318786959999999, 2.748963417866016, 9.0, -9.570599999999999, 9.0, 8.240655841559999, 5.357339338104003, 13.536000000000001, 1.1080996282584636, -2.850738961896, -2.5275868935097536, 9.0, 11.36143538952058, 2.6844262048478176, 8.148963417866014, -2.788955999999999, 3.6000000000000014, 9.0, -13.113539999999999, -1.2599999999999998, 4.994403797628905, -1.2599999999999998, 6.083444435841222, 3.6000000000000014, -9.354087, 9.840529957663195, 11.1695547384, 9.0, 9.0], "eval_reward": [3.8841090188234904, -32.14428462508731, -7.446671772544218, -157.09225460724466, -72.7173677388961, -9.533473396762176, -29.713189840916332, -111.24338502045106, 9.762986536472935, -6.85432388852672, -64.25676871221897, -43.719022965257174, 9.0, 9.0, 9.0, 9.0, 9.0, 9.0, 9.0, 9.0, 3.6000000000000014, 9.0, 9.0, 9.0, 3.6000000000000014, 9.0, 9.0, 9.0, -61.12209363170874, 3.6000000000000014, -21.08165995203703, 3.6000000000000014, 9.0, 9.0, 3.6000000000000014, 3.6000000000000014, 9.0, 9.0, 9.0, 9.0, -5.31324, 9.0, 3.6000000000000014, 9.0, 9.0, 0.6717600000000001, 3.6000000000000014, -1.2599999999999998, 3.6000000000000014, 3.6000000000000014, 9.0, -9.570599999999999, 9.0, 9.0, 9.0, -1.2599999999999998, 9.0, 3.6000000000000014, -1.2599999999999998, 9.0, -1.369282339201988, -36.69088215368086, 9.0, 9.0, 9.0, 9.0, 9.0, -1.2599999999999998, 9.0, 9.0, 9.0, 9.0, 9.0, 9.0, 9.0, 9.0, -16.302186, 9.0, 3.6000000000000014, 9.0, 9.0, 9.0, -1.2599999999999998, 9.0, 9.0, 9.0, -1.2599999999999998, 9.0, 9.0, 9.0, 9.0, 9.0, 9.0, 9.0, 9.0, 9.0, 3.6000000000000014, 9.0, 3.6000000000000014, 9.0], "params": {"model_version": "1inv_DQN", "domain_path": "./RDDL/inventory/inventory_disc/domain.rddl", "instance_path": "./RDDL/inventory/inventory_disc/instance_1inv_target.rddl", "value_xadd_path": {"v_source": "./exported_xadd/inventory/1inv/10_step/v_source.json", "v_target": "./exported_xadd/inventory/1inv/10_step/v_target.json", "v_diff": "./exported_xadd/inventory/1inv/10_step/v_diff.json"}, "q_xadd_path": {"q_source": "./exported_xadd/inventory/1inv/10_step/q_source.json", "q_target": "./exported_xadd/inventory/1inv/10_step/q_target.json", "q_diff": "./exported_xadd/inventory/1inv/10_step/q_diff.json"}, "num_episodes": 100, "eps_length": 20, "epsilon": 0.1, "replay_memory_size": 1000, "batch_size": 256, "gamma": 0.9, "seed": 0, "learning_rate": 0.005, "update_rate": 1, "agent_type": "ppr", "save": true}}