{"train_reward": [26.472385336500004, 19.113466081500007, 26.23794887475, -102.16593086850001, -40.252689418500005, -29.74426741350001, 156.42778816575003, 80.959145184, -32.53406981850001, 76.57179887474999, 22.430750287500004, 60.99864568425001, 20.39422367925, 7.143938086500004, 46.01456367750001, 58.85264341350001, 48.09957161175, 67.49844750000001, -4.6266653159999995, 31.245351270750003, 3.1966723597500044, 41.6415690135, 174.36826206675005, 80.27282790000001, 74.51149059900001, 76.80456042975003, 65.103342975, 15.714897975000007, 50.96917672425001, 84.57750000000001, 62.94228570900001, 10.393965886500002, 77.998999905, 58.51769985225001, 14.033760734250004, -51.091192827, 73.41975000000001, 64.666119609, 5.505797812500003, 70.39719247500001, 92.04975, -85.85826647850003, -39.88739343599999, 99.16555545000003, 120.79750050000001, 108.15483057525002, 29.61767871450001, 74.09499750000002, 92.04975, 5.734518331499997, 67.84198515675, 70.30327500000001, 70.30327500000001, 65.75870112525001, -3.967138012499994, 72.66910275000001, 35.38408747500001, -9.572658225749997, 3.953530134000009, 73.41975000000001, 64.86975000000001, 81.11475, 121.66685241975, -37.950881481, 79.26309000000002, 43.26565275, 132.871691223, -47.83691386350002, 84.57750000000001, 84.57750000000001, 70.30327500000001, -84.7745338635, 43.512258971250006, 77.998275, 16.802547750000006, 64.3153685085, -17.25806111850001, 30.59515166175001, 70.30327500000001, 79.53277500000002, 38.0283935085, -20.788600873500002, 61.135117359750005, 76.8100779, 54.82777500000001, 62.726520663000024, -107.75659136850003, 93.4918586775, 84.57750000000001, -42.53910479324999, 44.631282213, 12.880516081500003, 21.834317211750005, 81.11475, 49.49860275, 43.04654775, 72.15022442475002, 12.535974683999996, 84.45185817750001, 67.49844750000001], "eval_reward": [26.472385336500004, 86.52319922925, 18.338385586500003, -107.77558586850002, -45.98926741350001, 38.281332361500006, 122.65374741975, -32.30801141850001, 18.739065856500005, 53.914375134000004, -27.099819913500003, -21.034897168500002, -37.34981141850001, -14.860999363500007, 84.57750000000001, 39.293875134000004, 73.41975000000001, 51.81565275, 64.99983872925002, 84.57750000000001, 54.82777500000001, -45.02585336850001, 84.57750000000001, 63.37777500000001, -36.09439691850001, 37.062118179, 84.57750000000001, 73.41975000000001, -22.266036418500015, 64.86975000000001, 15.0240275865, 54.82777500000001, 73.41975000000001, 81.11475, -47.62400941350001, 61.75327500000001, 84.57750000000001, -22.0620249135, 60.572947500000005, 84.57750000000001, -79.4467588635, -29.481499363500017, 37.655997750000004, 63.37777500000001, 70.30327500000001, -19.915889413500008, 37.655997750000004, 47.132775, 54.82777500000001, -45.17970886350002, 63.37777500000001, 12.485918227500004, 73.41975000000001, 26.472385336500004, 62.702192475000004, 47.132775, 67.49844750000001, -23.41719991350001, 38.094997500000005, 77.998275, 73.41975000000001, 30.13314568425, 12.506115856500001, 63.37777500000001, 77.998275, 81.11475, 18.8769748365, 47.132775, 81.11475, 84.57750000000001, 84.57750000000001, 77.88994018425002, 73.41975000000001, 81.11475, 63.37777500000001, 20.211157831500003, -103.7756394135, 81.11475, 49.49860275, 84.57750000000001, 53.92341291149998, 83.76794372924999, 41.80360275, 73.41975000000001, 84.57750000000001, -14.867199913500006, -33.503684413500004, 81.11475, 70.30327500000001, 84.57750000000001, -39.98992136850001, -30.40535336850001, 84.57750000000001, 64.97410275, 84.57750000000001, 73.41975000000001, -31.8133444185, 67.23159568425001, 58.94844750000001, 84.57750000000001], "params": {"model_version": "1inv_DQN", "domain_path": "./RDDL/inventory/inventory_disc/domain.rddl", "instance_path": "./RDDL/inventory/inventory_disc/instance_1inv_target.rddl", "value_xadd_path": {"v_source": "./exported_xadd/inventory/1inv/10_step/v_source.json", "v_target": "./exported_xadd/inventory/1inv/10_step/v_target.json", "v_diff": "./exported_xadd/inventory/1inv/10_step/v_diff.json"}, "q_xadd_path": {"q_source": "./exported_xadd/inventory/1inv/10_step/q_source.json", "q_target": "./exported_xadd/inventory/1inv/10_step/q_target.json", "q_diff": "./exported_xadd/inventory/1inv/10_step/q_diff.json"}, "num_episodes": 100, "eps_length": 10, "epsilon": 0.1, "replay_memory_size": 1000, "batch_size": 128, "gamma": 0.9, "seed": 0, "learning_rate": 0.005, "update_rate": 1, "agent_type": "dqn"}}