{"train_reward": [88.59670198875001, 55.639175465250005, 60.04741907025002, -74.51570111850002, -35.94801731850001, -12.368370163500007, 155.46368428875002, 93.62617427925, -4.8597130530000054, 47.71232867925, 52.45210903500001, 60.99864568425001, 20.39422367925, 24.23348632350001, 17.860593519, 99.77763962025001, 67.98927427650001, 31.871752580250003, -14.146308483750005, 79.21831591350002, -107.30446342200003, 38.094997500000005, 115.30993586850003, 14.028930922499999, 77.998275, 60.99554511000001, 41.314930085250005, -32.04598148099998, 64.86975000000001, 72.91183860900001, 69.67919387475, 75.44266085475002, 77.998999905, 41.42815161525001, -36.39744991350001, -29.521803631500006, 73.41975000000001, 81.11475, 49.03126427925, -57.77167146750001, 92.04975, 41.80360275, 19.548713349000003, 46.0391904315, 71.65244377575002, 85.03494750000002, 31.169497500000006, 74.09499750000002, 101.13657261525, 13.43390267925, 83.13277500000001, 87.22424740500001, 70.30327500000001, 59.55378791850001, 0.132397861500003, 67.40043140475002, 35.38408747500001, 18.13268970675001, 54.68582116349999, 51.96090422925001, 40.00038161175001, 81.11475, 84.57750000000001, -0.06573719024999658, 134.94119478074998, -15.434935681499997, 105.81975, 43.26565275, 84.57750000000001, 92.8763284725, 9.0384633315, -8.803495428749997, 52.02294750000001, 77.998275, 9.441558459000003, -49.08609176850001, 5.787479265749993, 54.82777500000001, 70.30327500000001, 79.53277500000002, 43.645990599, -20.788600873500002, 63.37777500000001, 76.8100779, 54.82777500000001, 74.19847180950002, 13.677778410750001, 56.596250684250016, 57.97616963400001, -71.39857498875, 47.132775, 77.998275, 42.790497750000014, 81.11475, 49.49860275, 43.04654775, 72.66910275000001, 70.30327500000001, 95.10219247500001, 67.49844750000001], "eval_reward": [58.03303727475, 123.36783617025002, 71.11156587975, -107.77558586850002, -19.2083701635, 38.281332361500006, 147.05821761525002, -32.30801141850001, 18.739065856500005, 53.914375134000004, -27.099819913500003, 11.843462729250007, -23.9744839185, -14.860999363500007, 84.57750000000001, 39.293875134000004, 73.41975000000001, -37.34981141850001, 81.11475, 26.038966081500007, 54.82777500000001, 63.37777500000001, 114.02048837474999, 63.37777500000001, 52.02294750000001, 37.062118179, 6.4314503864999955, 73.41975000000001, 44.3279475, 40.38730018425001, 15.0240275865, 54.82777500000001, 73.41975000000001, 21.029310886500003, -47.62400941350001, 61.75327500000001, 84.57750000000001, 72.66910275000001, -10.11047491350001, 84.57750000000001, 33.29874247500001, 60.572947500000005, -89.74664636850002, 3.643513411499991, 70.30327500000001, 51.81565275, 37.655997750000004, 47.132775, -14.259192088500004, -45.17970886350002, 63.37777500000001, 12.485918227500004, 73.41975000000001, 26.472385336500004, -32.1485094135, 47.132775, 67.49844750000001, 45.789997500000005, -70.30863086850002, 43.56472367925, 73.41975000000001, 47.132775, 70.30327500000001, 8.701503128999994, 37.6350378615, 81.11475, 81.11475, 47.132775, 81.11475, 53.92341291149998, 89.35926073425001, 81.11475, 73.41975000000001, 81.11475, -29.74426741350001, 20.211157831500003, -7.764936322499986, 81.11475, 49.49860275, 84.57750000000001, 53.92341291149998, 84.57750000000001, 41.80360275, 73.41975000000001, 84.57750000000001, 54.3399975, -33.503684413500004, 40.40033533650001, 15.627003129, 84.57750000000001, 67.49844750000001, 77.998275, 84.57750000000001, 64.97410275, 84.57750000000001, 73.41975000000001, 54.82777500000001, 81.11475, 58.94844750000001, 84.57750000000001], "params": {"model_version": "1inv_DQN", "domain_path": "./RDDL/inventory/inventory_disc/domain.rddl", "instance_path": "./RDDL/inventory/inventory_disc/instance_1inv_target.rddl", "value_xadd_path": {"v_source": "./exported_xadd/inventory/1inv/10_step/v_source.json", "v_target": "./exported_xadd/inventory/1inv/10_step/v_target.json", "v_diff": "./exported_xadd/inventory/1inv/10_step/v_diff.json"}, "q_xadd_path": {"q_source": "./exported_xadd/inventory/1inv/10_step/q_source.json", "q_target": "./exported_xadd/inventory/1inv/10_step/q_target.json", "q_diff": "./exported_xadd/inventory/1inv/10_step/q_diff.json"}, "num_episodes": 100, "eps_length": 10, "epsilon": 0.1, "replay_memory_size": 1000, "batch_size": 128, "gamma": 0.9, "seed": 0, "learning_rate": 0.005, "update_rate": 1, "agent_type": "ppr"}}