{"train_reward": [27.95546425950001, 42.845791054500005, 7.2023924295000015, -57.13367350950001, 10.250025111, 37.30488925950001, 32.82638224950001, 42.8266548045, 49.952653679250005, 33.138042304500004, 58.9787411175, 37.940541417, 42.8266548045, 28.56052980450001, 42.861291417000004, 19.648041417000005, 20.9377649295, 25.888321154250004, 40.11883435575001, 40.849122930750006, -7.866479283749998, -3.672268240499993, 45.2181393045, 55.386377104500006, 49.833079454250004, 34.863547167, 18.4652298045, 31.764183255, 30.896074381500007, 52.107465255750014, 42.8266548045, 30.554889259500012, 26.0415117495, -48.634661205, 7.2023924295000015, -21.7955878065, 43.30778605649999, 34.9807923045, 28.021195084500008, -42.55966120500001, 53.234041054500004, 5.222144909250002, 36.78629141700001, 61.66402391700001, 50.621860917, 61.66402391700001, -2.16770974425, 27.425310855750002, 45.741715305750006, 26.109788654250007, 47.18513530575, 43.486773417, 48.313291054500006, 31.542691009500007, 52.4346160095, 27.066899889, 10.2880368045, 30.40582030650001, 41.12927155575, 37.785617374500006, 34.46496641700001, 42.845791054500005, 48.8053660545, 35.31995712450001, 48.20749492950001, 34.46496641700001, 50.326615917, -35.130820306500006, 53.2322695845, 57.235348917, 24.033429679500003, 20.251169064000003, 46.66748591700001, 42.8266548045, 41.36537835450001, 42.06700418175, 21.673423829250005, 15.737964259500007, 42.8266548045, 29.71816492950001, 21.43796510475001, -12.074203313999998, 33.850244929500015, 42.845791054500005, 56.912498509500004, 40.89211600950001, -16.115728466249998, 34.46496641700001, 31.052707389, -69.71160258450001, 16.478695084500004, 22.39310210175, 35.613042304500006, 43.44366217950001, 51.30756742950001, 23.06874543075, 57.678216417, 23.96965675950001, 41.972092755750005, 39.69194508450001], "eval_reward": [27.95546425950001, 42.845791054500005, 19.540981759500006, 37.370620084500004, -10.917354185999997, 38.12792350950001, 47.18513530575, 13.573041417000002, 26.0030878065, 51.23444508450001, 27.824203314000002, -5.849399888999999, 9.152731759500007, 56.06170083450001, 42.8266548045, 42.8266548045, 36.7707910545, -25.475166639000005, 47.688547167, 57.678216417, 30.554889259500012, 8.0418035565, 48.20749492950001, 51.27577391700001, -9.271029186, 50.575064584500005, 27.824203314000002, 47.669410917, 1.2484817595000024, 38.45077391700001, 42.538441009500005, 42.845791054500005, 41.12927155575, 42.845791054500005, 34.46496641700001, 48.313291054500006, 48.313291054500006, 48.328791417000005, 42.538441009500005, 48.8053660545, 48.10642758450001, 45.76694508450001, -66.61435945500001, 42.8266548045, 56.74327391700001, 37.940541417, 48.328791417000005, 36.7707910545, 42.845791054500005, 2.402731759500007, 36.7707910545, -79.43298707700002, 32.8762142595, 31.865541417000006, -24.8083011315, 13.573041417000002, 31.585244627250006, 25.115541417000006, -34.314359139, 37.940541417, 41.21496641700001, 42.8266548045, 48.313291054500006, 41.95495870425, 53.156047167000004, 42.861291417000004, 53.234041054500004, -10.917354185999997, 51.27577391700001, 48.20749492950001, 48.313291054500006, 42.845791054500005, 40.89211600950001, 42.845791054500005, 53.648122167, 36.353401137, 17.21965675950001, 42.8266548045, 1.2918035565000046, 48.313291054500006, 48.8053660545, 48.8053660545, 28.890406759500006, 36.78629141700001, 48.328791417000005, -7.441779185999999, 45.20077391700001, 51.27577391700001, 31.865541417000006, 60.14100258450001, 24.310841881500004, 10.204104185999995, 53.16384655575, 46.89501280649999, 48.328791417000005, 36.7707910545, 46.967116009499996, 42.845791054500005, 7.839457389000005, 48.313291054500006], "params": {"model_version": "1inv_DQN", "domain_path": "./RDDL/inventory/inventory_disc/domain.rddl", "instance_path": "./RDDL/inventory/inventory_disc/instance_1inv_target.rddl", "value_xadd_path": {"v_source": "./exported_xadd/inventory/1inv/10_step/v_source.json", "v_target": "./exported_xadd/inventory/1inv/10_step/v_target.json", "v_diff": "./exported_xadd/inventory/1inv/10_step/v_diff.json"}, "q_xadd_path": {"q_source": "./exported_xadd/inventory/1inv/10_step/q_source.json", "q_target": "./exported_xadd/inventory/1inv/10_step/q_target.json", "q_diff": "./exported_xadd/inventory/1inv/10_step/q_diff.json"}, "num_episodes": 100, "eps_length": 10, "epsilon": 0.1, "replay_memory_size": 1000, "batch_size": 256, "gamma": 0.9, "seed": 0, "learning_rate": 0.005, "update_rate": 1, "agent_type": "lowerbound"}}