{"train_reward": [16.100472738885035, -9.435052179568643, -24.957605403656927, -145.01893800825408, -122.56654145008902, -37.63708791858927, -36.0977260604837, -47.56883601472321, -128.90678095002505, -14.450783895141095, -5.372406086715712, -2.005846769322684, -6.2206186113950706, -4.5261991017288485, -7.814664334965783, -14.054228831750558, -12.57693333060716, 7.305716629675478, -8.828621693496, -0.8144093637803638, -26.43997729429732, -13.989075062801284, -27.97284278157528, -20.231018740725933, -6.723162107680138, -21.124160274311777, 2.4587867594606307, -10.164089395118085, -16.35813526268202, -19.056676483521343, -10.656652430416752, 5.239672762085152, -23.093407295905532, -34.90794142522277, -30.715201633993978, -7.399894035933639, -8.355298715867004, -23.43003312639425, -4.2071235336918535, -42.04727865691548, -16.39753489404277, -31.11161112406658, -20.36804995979362, -21.38573709855216, -7.880067695016887, 2.6549059375814617, -34.18406089447325, -4.657291234892227, 0.27, 1.5930000000000009, 3.0504037976289053, 10.532520000000002, 7.788258000000002, -1.2599999999999998, 1.1592509193000007, 5.94, -0.12008699999999894, -27.671820065065972, -0.13159536050605913, 4.7524769618968765, -1.5029999999999992, 1.9318346999999991, 3.596405571688317, -10.5573744, 3.33, 3.6000000000000014, 0.4032116951737099, 3.6000000000000014, 6.241297663644932, 9.0, 5.9441821509636, -6.318786959999999, 2.748963417866016, 9.0, -9.570599999999999, 9.0, 8.240655841559999, 5.357339338104003, 13.536000000000001, 1.1080996282584636, -2.850738961896, 1.9760131064902475, 9.0, 12.52883810849724, 2.6844262048478176, 8.148963417866014, -2.788955999999999, 3.6000000000000014, 9.0, -13.113539999999999, -1.2599999999999998, 4.994403797628905, -1.2599999999999998, 6.083444435841222, 3.6000000000000014, -9.354087, 9.840529957663195, 11.1695547384, 9.0, 9.0], "eval_reward": [16.100472738885035, -22.275082625087308, -7.446671772544218, -207.44554424921301, -72.7173677388961, -0.17556393726057173, -52.73770887638021, -112.86107164531872, 9.76645911501693, -6.85432388852672, -64.25676871221897, -43.719022965257174, -10.238909698850371, -18.40617517745716, 0.24600892586547807, -0.11003933910906183, -7.604336703592225, -12.173860961803227, 9.0, -11.624042960422415, -1.060223076125346, -9.211629986299956, -15.938579413660177, -9.784418172436933, 2.0071566701496284, -25.49974244378959, 9.0, -7.368902951249043, -25.137743981731482, -19.808937419876536, -12.16502659854615, -21.76045585796509, -6.957511639009777, -7.962818293843791, -4.914121092848666, -10.88182509195592, -13.077420645160403, -25.79326863201099, -4.823438624046565, -43.694750828479016, -6.900336178879591, 0.9937972316346676, -16.190102127679527, -15.251916826276075, 1.3660626626843908, -9.964554733066572, -13.630089911066257, -28.566443727750883, 9.0288, 3.371760000000001, 9.0, -40.969197791999996, 9.0, 9.0, 3.9960000000000004, -1.2599999999999998, 3.9960000000000004, 3.6000000000000014, -14.024447999999996, 9.0, 9.0, -1.2599999999999998, 9.0, 9.0, 9.0, 9.0, 9.0, -1.2599999999999998, 9.0, 9.0, 9.0, 9.0, 9.0, 9.0, 9.0, 9.0, -16.302186, 9.0, 3.6000000000000014, 9.0, 9.0, 9.0, -1.2599999999999998, 9.0, 9.0, 9.0, -1.2599999999999998, 9.0, 9.0, 9.0, 9.0, 9.0, 9.0, 9.0, 9.0, 9.0, 3.6000000000000014, 9.0, 3.6000000000000014, 9.0], "params": {"model_version": "1inv_DQN", "domain_path": "./RDDL/inventory/inventory_disc/domain.rddl", "instance_path": "./RDDL/inventory/inventory_disc/instance_1inv_target.rddl", "value_xadd_path": {"v_source": "./exported_xadd/inventory/1inv/10_step/v_source.json", "v_target": "./exported_xadd/inventory/1inv/10_step/v_target.json", "v_diff": "./exported_xadd/inventory/1inv/10_step/v_diff.json"}, "q_xadd_path": {"q_source": "./exported_xadd/inventory/1inv/10_step/q_source.json", "q_target": "./exported_xadd/inventory/1inv/10_step/q_target.json", "q_diff": "./exported_xadd/inventory/1inv/10_step/q_diff.json"}, "num_episodes": 100, "eps_length": 20, "epsilon": 0.1, "replay_memory_size": 1000, "batch_size": 256, "gamma": 0.9, "seed": 0, "learning_rate": 0.005, "update_rate": 1, "agent_type": "rewardshaping", "save": true}}