{"train_reward": [68.7318853365, 210.18908607525, 36.2802748365, -17.5942944135, -4.945621918500007, 72.57393808650001, 175.53951636975, 201.42823092975001, 70.6391356815, 75.253168728, 162.92311427925006, 150.67300808025, 226.63208607525002, 209.29544729775003, 170.18653092975003, 189.77684847750004, 53.805520953000006, 54.1185569145, 32.929064887500004, 186.51808761525, 42.43685533650001, 16.46491363650001, 230.69388057525003, 134.18061662925004, 98.13533533649999, 136.36206042975002, 165.63211427925006, 167.84141037975, 144.73684887975, 85.54991838749999, 104.5218420675, 83.17676026575002, 116.25345887850003, 7.262540091000009, 59.922612396000005, 101.83013520525003, 120.400419609, 104.28344427600001, 102.44576070900003, 87.78070969200002, 127.43483859900002, 26.66723267700001, 119.22374723625, 75.87750004650002, 147.31444793475, 72.7744750965, 77.31712703025002, 11.053555105500006, 218.51694847125, 89.12535173550002, 242.19470112525002, 88.648401618, 92.92991480550002, 88.07840817750001, 142.10413448625002, 109.06466171175, 120.87663030900002, 71.52555357900002, 175.58470707525004, 129.595365, 118.29618987975003, 182.272947975, 217.40130627075, 114.18455068425001, 233.19671102775004, 129.99799955699999, 226.49361567300005, 81.30004080975003, 133.18680422925, 165.18870780974999, 100.96738191900003, 72.82627319025, 155.578782213, 208.65086636850003, 143.03136822750002, -57.38029734600002, 81.471028428, 53.839029609, 174.40179887475, 138.426075, 82.28914922924999, 53.103745134, 75.9429738045, 121.89883860900001, 99.5973853365, 121.35347608500001, 44.203359438, 137.42379389025, 136.1273490225, -42.7929894135, 69.63877473750001, 45.155058129000004, 187.682892975, -17.36127814050001, 141.44175, 154.71125506574998, 143.29769985225, 83.55319922924998, 123.32528705475002, 113.21933941350001], "eval_reward": [68.7318853365, 184.98523092975, 90.46014568425002, 144.02461587975, 12.969800086500005, 128.92349387475002, 226.63208607525002, 106.66519922925, 52.681463581500005, 160.26961587975, 91.60402367925002, 9.238300636499996, 29.064913636500005, 118.73364568425, 151.42970068425004, 136.92540419550002, 156.82261587975, 6.087159094500002, 99.78048786149999, 77.50336363650001, 104.63555068425003, 5.906811136499997, 226.63208607525002, 180.39253092975, 66.49022068425, 145.19675068425002, 56.830377586500006, 122.15317367925, -12.499720195499998, 116.37180000000001, 148.75141587975, 133.5645, 118.27427722425001, 54.90646380450001, 101.38683872925, 138.84975, 161.34816058650006, 133.74675000000002, 131.31749387475, 69.32755715400002, 135.70819922925003, 191.25695607525, -133.01109291600002, 226.63208607525002, 83.4412981905, 119.18194018425001, 67.81141134450002, 111.37604018400002, 133.5645, -15.289720195500006, 135.70819922925003, -97.25344289099998, 147.12691587975002, 112.56277500000002, 40.8602105865, 101.25675000000001, 70.11538558650001, 136.32961587975, -9.842760868499994, 122.40675000000002, 35.76899163149999, 150.00750000000002, 94.28238808649999, 186.22606587975002, 115.21100519550001, 118.7658, 146.334834684, 82.17699750000001, 170.80002087974998, 150.00750000000002, 107.21264286150002, 133.5645, 131.1940633365, 175.39272087975, 119.6084137905, 116.73294568425001, 99.76477500000001, 186.22606587975002, 91.36304999999999, 138.84975, 130.42983872925004, 91.86406585649996, 115.154775, 70.72096588650003, 96.4999878615, 87.08199750000001, 104.59232867925002, 128.9718, 78.12922367925, 102.52241035649999, 109.75794750000003, 79.55474513400003, 117.7556201955, 135.52044750000002, 133.74675000000002, 101.78353013400002, 126.985275, 29.702608659, 94.0124547, 165.37261587975001], "params": {"model_version": "2inv_DQN", "domain_path": "./RDDL/inventory/inventory_disc/domain.rddl", "instance_path": "./RDDL/inventory/inventory_disc/instance_2inv_target.rddl", "value_xadd_path": {"v_source": "./exported_xadd/inventory/2inv/10_step/v_source.json", "v_target": "./exported_xadd/inventory/2inv/10_step/v_target.json", "v_diff": "./exported_xadd/inventory/2inv/10_step/v_diff.json"}, "q_xadd_path": {"q_source": "./exported_xadd/inventory/2inv/10_step/q_source.json", "q_target": "./exported_xadd/inventory/2inv/10_step/q_target.json", "q_diff": "./exported_xadd/inventory/2inv/10_step/q_diff.json"}, "num_episodes": 100, "eps_length": 10, "epsilon": 0.1, "replay_memory_size": 1000, "batch_size": 128, "gamma": 0.9, "seed": 0, "learning_rate": 0.005, "update_rate": 1, "agent_type": "dqn"}}