{"train_reward": [109.77967528200001, 71.06154568650001, 73.64757013650001, -8.467511413500002, -55.72992191850001, 44.75131558650001, 165.93925146749996, 115.4413201365, -6.040009768500006, 41.3207447805, 103.19674368150002, 164.88953767800004, 140.21220597750002, 124.0868389725, 69.6623791815, 164.9628895725, -30.171766059000007, 4.208061699, 26.981726409000018, -6.8188201830000175, -259.1174128095, 37.38309213150001, 100.56659666400003, -61.80107081850003, 56.12651863650001, 138.2900207355, -52.733798469000014, -185.74542175950003, -83.62546239600002, 169.60082492699996, 49.7430701865, 68.16087, 56.61699352650001, 80.7827148045, 53.390447460000004, 24.07671963000001, 83.55087000000002, 89.48700000000001, 145.174970565, -119.80396484100001, 97.16247000000001, 49.40487, -150.82983254250001, 96.0251886405, 108.75122999999999, 52.63960023, 8.553867799500008, -53.1866309445, 133.9965, 45.049383000000006, 127.96298284950002, -6.212519086499992, 103.602175767, 60.64200000000001, 91.2483, -84.37675005900003, -95.45006490300001, -2.9522957355, 76.249566, 33.379482190500006, -39.23378641350001, 74.6883, 110.04867721800001, -133.33666806899998, 161.0343854775, 72.9828, 121.887, -65.3451894135, 44.454180608999984, 84.4989088995, 42.8016050865, -33.69719134800001, 50.95338300000001, 89.48700000000001, 12.483753304500013, -212.76368410950008, -93.92750275950003, 14.654270700000005, 89.685, 75.0483, 64.85021559900001, 37.36806232050001, 10.239803131499974, 172.92436503750002, 33.5963066265, 12.751860586500005, -53.52807555, 111.45830940000002, 138.70870382700002, -110.214141732, 88.28164525950001, 86.4080375175, 93.65920119900001, 84.8943, 27.223470000000002, 43.13652300000001, 70.55487000000001, 71.743581, 107.82888300000002, 84.58200000000001], "eval_reward": [109.77967528200001, 207.83501957250002, 116.9904289725, -46.55822068350001, 10.627955086500005, 172.88769916800004, 200.44259547750005, 21.284035636500004, 56.408543581500005, 183.11940452250002, 65.75875877700001, 26.647329181500012, -38.35257436350001, 102.11886583200003, 143.65193578199998, -26.97748371450001, 68.92951863150002, -97.54126952400003, 38.37231363149999, -33.29986046400002, -119.66879606400002, 27.4798111365, 110.3169631815, 133.432849377, 62.98024048200001, -20.292014619000007, -67.88522025450003, 62.11139632200001, -99.58685984100002, 118.54783030950001, 74.6883, 50.74830000000001, 97.38000000000001, 28.884843630000006, -14.446556369999989, 76.887, 105.92999999999999, 74.6883, -108.96460239600003, -119.76298734600003, 34.90893423000001, -131.105672064, -255.89097175950005, 80.937, 89.685, 66.3165, -201.01939326450005, 68.337, 25.442523, 25.442523, -83.57946075450002, -125.323981614, 87.68430000000001, 89.685, -87.30610911900001, -129.04489120950004, 84.58200000000001, 50.74830000000001, 51.91587000000001, 86.552462322, 92.27700000000002, 68.337, -27.248282469000003, -24.18091691850001, 89.48700000000001, 74.6883, -93.75629665950002, -74.17514651400002, 138.6982786815, 97.0481471265, 105.92999999999999, 84.8943, 97.38000000000001, 89.48700000000001, -117.86272330950004, -52.42028711400002, -8.740409193000001, 74.6883, 27.223470000000002, 100.827, 105.92999999999999, 56.23318308149998, 35.0846366265, 110.02536363149999, 86.39365863150002, 51.241525636500015, 28.457508631500005, 54.30130470000001, 60.572992126500004, 101.1651939045, 84.58200000000001, 65.59599973050001, 105.92999999999999, 65.813895, 100.827, 97.38000000000001, 50.74830000000001, 74.6883, 16.28484363, 105.92999999999999], "params": {"model_version": "2inv_DQN", "domain_path": "./RDDL/inventory/inventory_disc/domain.rddl", "instance_path": "./RDDL/inventory/inventory_disc/instance_2inv_target.rddl", "value_xadd_path": {"v_source": "./exported_xadd/inventory/2inv/10_step/v_source.json", "v_target": "./exported_xadd/inventory/2inv/10_step/v_target.json", "v_diff": "./exported_xadd/inventory/2inv/10_step/v_diff.json"}, "q_xadd_path": {"q_source": "./exported_xadd/inventory/2inv/10_step/q_source.json", "q_target": "./exported_xadd/inventory/2inv/10_step/q_target.json", "q_diff": "./exported_xadd/inventory/2inv/10_step/q_diff.json"}, "num_episodes": 100, "eps_length": 10, "epsilon": 0.1, "replay_memory_size": 1000, "batch_size": 128, "gamma": 0.9, "seed": 0, "learning_rate": 0.005, "update_rate": 1, "agent_type": "rewardshaping"}}