{"train_reward": [151.66215577575002, 213.86958072075004, 62.41594534425002, -0.16037240849999623, 6.3666107955, 72.57393808650001, 159.05617427925003, 234.39779821575002, 76.8330805365, 78.739953129, 131.66913872925002, 147.10199028075, 228.37547827575003, 218.70354732075003, 203.50667112525002, 211.71299666175003, 33.11109583425001, -27.71990416575001, 113.63542074225002, 165.70394419275, -120.1268147625, 16.46491363650001, 196.88441037975, 134.18061662925004, 98.13533533649999, 136.36206042975002, 165.63211427925006, 167.84141037975, 144.73684887975, 123.08069387475001, 134.003912679, 66.95890812900002, 168.77867838975, -8.427989713499993, 92.91177186975001, 101.83013520525003, 121.48967068425, 210.18908607525, 136.32961587975, 48.664118684250006, 194.68498092975003, 26.66723267700001, 94.31958872925001, 203.93825447475, 109.44791035649999, 160.87798172925002, 105.70271037975002, 57.60090786150001, 214.85797718625003, -9.039596332500007, 208.38523092975, 65.181502332, 192.72880707525002, -2.713828918500001, 54.652238581499994, 148.05391268925, 23.535970195500003, -78.38822289600002, 155.83572087975, 167.07235587975, 86.5158942825, 128.36097, 124.78170960899999, 114.18455068425001, 199.49591145375, 130.515761772, 219.27135731175005, 69.56428050000001, 80.90293375799999, 155.62140367500004, 102.96965969775003, -7.305677714250009, 180.7711155135, 195.32250528075002, 133.5645, 161.3774421765, -52.99009881750001, 97.79922000000002, 157.16143397250005, 117.17230457475, 90.31121334900001, 132.26514084450002, -14.345920674000004, 129.2598279, 149.746577049, 126.13790619450002, -92.64331970550003, 146.42622358650004, 22.013961165, 15.641922309750015, 133.81681146750003, -25.320050073000008, 165.1164975, 128.2136994135, 102.02927722425, 139.9160205, 141.44175, 76.225763025, 64.4017400685, 125.19675000000001], "eval_reward": [134.30572602525, 182.48630172075002, 144.15029224875, 168.42908607524998, 12.969800086500005, 128.92349387475002, 226.63208607525002, 106.66519922925, 60.905778777, 160.26961587975, 91.60402367925002, 9.238300636499996, 29.064913636500005, 118.73364568425, 151.42970068425004, 152.08618141575, 136.30034607525002, -80.717952519, 131.74971073425002, -11.89243796400001, 104.63555068425003, 5.906811136499997, 226.63208607525002, 180.39253092975, 66.49022068425, 145.19675068425002, 56.830377586500006, 122.15317367925, 54.82094286150001, 105.08873736150001, 148.75141587975, 154.27830422925, 118.27427722425001, 154.27830422925, 101.38683872925, 107.21264286150002, 147.93869387475002, 87.78730791150001, 131.31749387475, 41.25759663149998, 135.70819922925003, 191.25695607525, -78.19398671850003, 226.63208607525002, 118.19101817925001, 119.18194018425001, 125.47325068425002, 111.37604018400002, 73.05304819050001, 34.909220220750015, 135.70819922925003, -12.659369413499984, 147.12691587975002, 47.4450160815, 40.8602105865, -23.38979885100001, 10.963239700500003, 136.32961587975, -9.842760868499994, 148.92961587975, 78.29132940450002, 150.00750000000002, 94.28238808649999, 186.22606587975002, 135.73327500000002, 49.251018179249996, 146.334834684, 34.49316058650001, 54.408328679250005, 150.00750000000002, 112.27713144300002, 133.5645, 36.964110586500006, 133.5645, 143.42827499999999, 0.34125348375000897, 65.33122367925002, 150.00750000000002, -52.16208210900002, 147.93869387475002, 146.54475, 114.36247644300002, 115.154775, 137.17057499999999, 35.98853605199999, -41.653989846, 130.29975, 0.7458079837499945, 78.12922367925, 146.54475, 8.410589532000001, -55.675615257000004, 146.54475, -23.652669608999997, 160.26961587975, 130.29975, 92.55172367925002, 76.57951903875, 94.0124547, 138.84975], "params": {"model_version": "2inv_DQN", "domain_path": "./RDDL/inventory/inventory_disc/domain.rddl", "instance_path": "./RDDL/inventory/inventory_disc/instance_2inv_target.rddl", "value_xadd_path": {"v_source": "./exported_xadd/inventory/2inv/10_step/v_source.json", "v_target": "./exported_xadd/inventory/2inv/10_step/v_target.json", "v_diff": "./exported_xadd/inventory/2inv/10_step/v_diff.json"}, "q_xadd_path": {"q_source": "./exported_xadd/inventory/2inv/10_step/q_source.json", "q_target": "./exported_xadd/inventory/2inv/10_step/q_target.json", "q_diff": "./exported_xadd/inventory/2inv/10_step/q_diff.json"}, "num_episodes": 100, "eps_length": 10, "epsilon": 0.1, "replay_memory_size": 1000, "batch_size": 128, "gamma": 0.9, "seed": 0, "learning_rate": 0.005, "update_rate": 1, "agent_type": "ppr"}}