{"train_reward": [68.7318853365, 210.18908607525, 36.2802748365, -17.5942944135, -4.945621918500007, 72.57393808650001, 175.53951636975, 201.42823092975001, 70.6391356815, 75.253168728, 162.92311427925006, 150.67300808025, 226.63208607525002, 209.29544729775003, 170.18653092975003, 145.09556258400002, -18.492834618000003, 60.49735558650001, 62.29896480450002, -16.256447932500013, -12.715915396500003, 37.29142212525002, 138.28077639449998, 81.46062132075001, 135.91959469425, 11.023189339500004, 12.12025178024999, 164.35462597875, -30.979964646000006, 66.71707427925001, 137.47412827799997, -36.89542658025, -51.56775047250001, -84.78977359500001, 112.75785455625002, 5.340610658250011, 11.65112742599999, 202.76720907524998, 121.31807667525001, -83.28114741600001, 159.99771192075002, 15.202402677000006, -5.492205513000016, 165.83514527925004, 103.06197115200001, 69.20314460775002, 98.49079935225001, -43.944395256, 180.579368385, 58.39262341875001, 201.72623259150004, 68.668286733, 138.84975, 97.95390149700002, 92.71676837925001, 120.522928698, 144.25666074225, 46.69445344725001, 154.882341, 180.52327315575002, 101.57626792125001, 170.42817068550002, 180.06944392125, 128.12147416800005, 190.11163862475001, 122.91217872749999, 169.7102437905001, 28.677918307500004, 132.30069762149998, 156.76496775, 119.41170612525003, 110.174403195, 165.44792206575, 198.715947975, 121.74088672575002, 124.512708609, 136.30386822750003, 69.84130860900002, 202.10714680725, 138.426075, 99.36031591350002, 99.64674266175001, 143.904229218, 160.2151029, 174.1607108685, 83.23242692850002, 61.704774449999995, 38.68266135375001, 138.7585134135, -33.688607921999996, 118.45046067300001, 22.984844863499998, 122.137784991, 36.41875558425001, 124.99311960900002, 180.04174985475, 110.99948091750002, 66.83327727075002, 154.45691867475, -12.705262296750007], "eval_reward": [68.7318853365, 184.98523092975, 90.46014568425002, 144.02461587975, 12.969800086500005, 128.92349387475002, 226.63208607525002, 106.66519922925, 52.681463581500005, 160.26961587975, 91.60402367925002, 9.238300636499996, 29.064913636500005, 118.73364568425, 151.42970068425004, 136.92540419550002, 136.30034607525002, -14.782613863500004, 30.0323677995, -11.89243796400001, 104.63555068425003, 55.4080729455, 159.77320647975003, 180.39253092975, -81.61128539100001, 121.21837019550001, 56.830377586500006, 109.07107787475002, -12.499720195499998, 6.130967166000004, -4.373743961250005, 33.792047153999995, 89.48514741975, 154.27830422925, -14.459047161750007, 107.21264286150002, 170.43710446125004, 87.78730791150001, -43.78540852125002, 69.32755715400002, 46.446129033750005, 38.59267367925, -78.19398671850003, 167.23171847474998, 62.782566369749986, 119.18194018425001, 59.53791202874999, 111.37604018400002, 97.44734706525001, 83.66805, 135.70819922925003, 35.024467500000014, 120.60405, 9.488824271999999, 40.8602105865, -91.8720057645, 70.11538558650001, 11.683067028750006, 76.12224750000001, 148.92961587975, 120.25777499999998, 122.19408662849995, 138.84975, 114.41625568425002, 66.5260775865, 118.7658, 42.472943343, 82.17699750000001, 54.408328679250005, 150.00750000000002, 107.21264286150002, 133.5645, 36.964110586500006, 133.5645, 143.42827499999999, 116.73294568425001, 99.76477500000001, 186.22606587975002, 91.36304999999999, 138.84975, 130.42983872925004, 146.54475, 53.88996333149999, 125.19675000000001, 96.4999878615, 87.08199750000001, 37.73344908375, 128.9718, 78.12922367925, 146.54475, 36.6830405865, 113.68062000000002, 144.27848607525002, 135.52044750000002, 160.26961587975, 130.29975, 92.55172367925002, 133.5645, -96.66210816675002, 138.84975], "params": {"model_version": "2inv_DQN", "domain_path": "./RDDL/inventory/inventory_disc/domain.rddl", "instance_path": "./RDDL/inventory/inventory_disc/instance_2inv_target.rddl", "value_xadd_path": {"v_source": "./exported_xadd/inventory/2inv/10_step/v_source.json", "v_target": "./exported_xadd/inventory/2inv/10_step/v_target.json", "v_diff": "./exported_xadd/inventory/2inv/10_step/v_diff.json"}, "q_xadd_path": {"q_source": "./exported_xadd/inventory/2inv/10_step/q_source.json", "q_target": "./exported_xadd/inventory/2inv/10_step/q_target.json", "q_diff": "./exported_xadd/inventory/2inv/10_step/q_diff.json"}, "num_episodes": 100, "eps_length": 10, "epsilon": 0.1, "replay_memory_size": 1000, "batch_size": 128, "gamma": 0.9, "seed": 0, "learning_rate": 0.005, "update_rate": 1, "agent_type": "lowerbound"}}