{"train_reward": [1.4551059608999992, 5.194875960899999, 1.4551059608999992, 1.4551059608999992, 1.4551059608999992, 3.4234059609, -3.4223821173000015, -2.110182117300001, 2.7260490806999993, 5.194875960899999, 6.7891989609, 8.2240896609, 4.497519080699999, 4.878, 9.390655800000001, 7.37118, -0.6555880782000008, 4.7180021417999995, 11.723788078200002, 10.25159022, 11.026431198000001, 11.026431198000001, 10.1294650782, 11.723788078200002, 6.1902, 4.878, 11.723788078200002, 11.723788078200002, 6.1902, 7.37118, 4.878, 5.8989821417999995, 11.723788078200002, 11.723788078200002, 11.723788078200002, 10.25159022, 11.723788078200002, 10.25159022, 2.900473921799999, 11.723788078200002, 11.723788078200002, 10.25159022, 11.723788078200002, 10.069837398, 11.723788078200002, 6.1902, 11.723788078200002, 8.434062, 11.723788078200002, 6.1902, 11.723788078200002, 11.723788078200002, 11.723788078200002, 11.723788078200002, 10.25159022, 10.25159022, 11.723788078200002, 11.026431198000001, 11.723788078200002, 6.1902, 9.5542333398, 1.588273921799999, 10.25159022, 11.723788078200002, 6.1902, 8.434062, 7.37118, 8.434062, 7.057523521800001, 11.026431198000001, 11.026431198000001, 11.723788078200002, 11.723788078200002, 11.723788078200002, 11.723788078200002, 11.723788078200002, 9.390655800000001, 5.8989821417999995, 8.434062, 9.390655800000001, 9.390655800000001, 11.723788078200002, 11.723788078200002, 11.026431198000001, 10.25159022, 11.723788078200002, 11.723788078200002, 11.723788078200002, 6.7891989609, 11.723788078200002, 4.420034982899999, 11.723788078200002, 11.723788078200002, 10.25159022, 11.026431198000001, 11.723788078200002, 7.37118, 11.723788078200002, 11.723788078200002, 7.37118], "eval_reward": [1.4551059608999992, 6.7891989609, -0.8780263173000011, 5.194875960899999, 1.0902736826999988, 11.723788078200002, 1.0902736826999988, 1.4551059608999992, 1.4551059608999992, 2.7260490806999993, 1.4551059608999992, -0.9292021173000014, -0.8780263173000011, 7.37118, 3.857067721799999, 4.081453921799999, 0.5253919217999993, 6.9618641418000005, 3.4234059609, 11.723788078200002, 9.390655800000001, 11.723788078200002, 8.434062, 7.37118, 9.390655800000001, 6.1902, 11.723788078200002, 9.390655800000001, 11.723788078200002, 11.723788078200002, 6.1009297218, 10.25159022, 9.5542333398, 10.25159022, 11.723788078200002, 11.723788078200002, 8.434062, 8.434062, 11.026431198000001, 11.723788078200002, 11.723788078200002, 11.723788078200002, 11.026431198000001, 8.434062, 11.723788078200002, 11.026431198000001, 11.026431198000001, 7.37118, 11.723788078200002, 3.857067721799999, 11.723788078200002, 10.25159022, 9.5542333398, 10.25159022, 11.026431198000001, 11.723788078200002, 11.723788078200002, 11.723788078200002, 11.723788078200002, 6.9618641418000005, 7.37118, 11.723788078200002, 6.6738231198, 10.3290743178, 10.25159022, 7.37118, 11.723788078200002, 8.434062, 11.026431198000001, 11.723788078200002, 8.434062, 9.390655800000001, 11.723788078200002, 10.25159022, 11.026431198000001, 11.026431198000001, 11.723788078200002, 9.390655800000001, 8.434062, 11.026431198000001, 11.723788078200002, 7.918457941800001, 11.723788078200002, 11.723788078200002, 11.723788078200002, 11.026431198000001, 11.723788078200002, 11.026431198000001, 3.4058021417999997, 11.723788078200002, 8.434062, 11.723788078200002, 7.37118, 11.723788078200002, 11.026431198000001, 9.390655800000001, 11.723788078200002, 11.723788078200002, 11.723788078200002, 8.434062], "params": {"model_version": "2res_DQN", "domain_path": "./RDDL/reservoir/Reservoir_disc/domain.rddl", "instance_path": "./RDDL/reservoir/Reservoir_disc/instance_2res_target.rddl", "value_xadd_path": {"v_source": "./exported_xadd/reservoir/2res/10_step/v_source.json", "v_target": "./exported_xadd/reservoir/2res/10_step/v_target.json", "v_diff": "./exported_xadd/reservoir/2res/10_step/v_diff.json"}, "q_xadd_path": {"q_source": "./exported_xadd/reservoir/2res/10_step/q_source.json", "q_target": "./exported_xadd/reservoir/2res/10_step/q_target.json", "q_diff": "./exported_xadd/reservoir/2res/10_step/q_diff.json"}, "num_episodes": 100, "eps_length": 10, "epsilon": 0.1, "replay_memory_size": 1000, "batch_size": 128, "gamma": 0.9, "seed": 0, "learning_rate": 0.005, "update_rate": 1, "agent_type": "rewardshaping"}}