{"train_reward": [-1.4292509193000007, 1.4551059608999992, -0.7318940391000004, -3.065026317300001, -9.035682117300002, 1.4551059608999992, -9.035682117300002, -5.390682117300002, -0.017091897300001158, -0.8780263173000011, 1.4551059608999992, -0.017091897300001158, -5.084502117300001, -0.8780263173000011, 7.744021290899999, 5.7474683127, 7.37118, 2.5448677217999993, 7.37118, 1.8375919217999988, -0.932608078200001, 3.42, 1.588273921799999, 3.42, -3.4257880782000005, -4.883788078200001, 0.13027392179999908, 1.9478021417999996, -4.883788078200001, 5.1443359218, 6.9618641418000005, 0.6566119217999987, 3.42, 4.878, -4.880382117300002, -0.7318940391000004, -0.7318940391000004, -2.897502117300001, -5.390682117300002, -0.017091897300001158, 3.4234059609, 1.0868677217999991, 3.42, -1.9535902200000004, 4.878, -3.4257880782000005, 3.42, 4.081453921799999, 3.42, -4.883788078200001, 4.878, 3.42, 0.13027392179999908, 3.42, 2.5448677217999993, 6.1902, 3.42, 1.9478021417999996, 0.5253919217999993, 7.37118, 1.9478021417999996, -3.4257880782000005, 4.7180021417999995, 1.0868677217999991, -4.883788078200001, 2.399067721799999, 8.434062, -0.932608078200001, -0.932608078200001, 4.7180021417999995, 6.1902, 3.42, 2.5448677217999993, 1.9478021417999996, 3.42, 4.878, 3.42, -2.1135880782000007, 3.42, 1.0868677217999991, 0.13027392179999908, 3.42, 4.878, 1.0868677217999991, -0.932608078200001, 3.42, 3.42, -0.6555880782000008, 7.37118, 0.13027392179999908, 4.878, 1.9478021417999996, 3.4058021417999997, -3.4257880782000005, 0.13027392179999908, 3.42, -2.1135880782000007, 6.1902, 3.4058021417999997, -2.1135880782000007], "eval_reward": [-1.4292509193000007, -5.390682117300002, -4.021620117300001, 0.7577490806999989, -2.897502117300001, 4.4560666826999995, -5.390682117300002, -0.7318940391000004, -2.2040918973000005, -4.021620117300001, -9.035682117300002, -7.577682117300002, -7.577682117300002, 7.281738479699999, 9.390655800000001, 10.6777527579, -3.4257880782000005, 2.900473921799999, 3.42, 3.42, -4.883788078200001, -0.6555880782000008, 0.6566119217999987, -2.1135880782000007, -3.4257880782000005, 6.6738231198, 0.5253919217999993, -1.9677880782000003, 3.42, -0.932608078200001, -3.4257880782000005, -2.1135880782000007, -1.9677880782000003, 1.0868677217999991, -0.7318940391000004, -1.4292509193000007, -2.897502117300001, -1.8346201173000012, 1.9512081026999992, -0.7318940391000004, 1.9478021417999996, 1.588273921799999, -3.4257880782000005, 3.857067721799999, 3.42, 1.9478021417999996, 1.0868677217999991, -3.4257880782000005, 3.42, -3.4257880782000005, -0.932608078200001, 1.0868677217999991, 3.4058021417999997, 6.1902, 1.0868677217999991, 4.878, 2.5448677217999993, 3.42, 4.878, -3.4257880782000005, 6.1902, 0.13027392179999908, 1.9478021417999996, 0.6566119217999987, 2.5448677217999993, -4.883788078200001, 0.13027392179999908, 2.5448677217999993, -0.932608078200001, 3.42, 4.878, -2.1135880782000007, 3.42, 3.42, 1.9478021417999996, 3.857067721799999, 1.0868677217999991, 1.9478021417999996, 3.42, 5.4928431198, 3.42, -4.883788078200001, 1.9478021417999996, 3.4058021417999997, 3.42, 1.588273921799999, -2.1135880782000007, 3.42, 1.0868677217999991, 3.42, 4.878, 3.42, -3.4257880782000005, 4.878, 3.4058021417999997, -0.932608078200001, 3.42, -0.6555880782000008, -2.1135880782000007, 0.5253919217999993], "params": {"model_version": "2res_DQN", "mdp_path": "./RDDL/reservoir/Reservoir_disc_2res_target/", "value_xadd_path": {"v_source": "./exported_xadd/reservoir/2res/v_source.json", "v_target": "./exported_xadd/reservoir/2res/v_target.json", "v_diff": "./exported_xadd/reservoir/2res/v_diff.json"}, "q_xadd_path": {"q_source": "./exported_xadd/reservoir/2res/q_source.json", "q_target": "./exported_xadd/reservoir/2res/q_target.json", "q_diff": "./exported_xadd/reservoir/2res/q_diff.json"}, "num_episodes": 100, "eps_length": 10, "epsilon": 0.1, "replay_memory_size": 1000, "batch_size": 128, "gamma": 0.9, "seed": 0, "learning_rate": 0.005, "update_rate": 1, "agent_type": "dqn"}}