{"train_reward": [-1.4292509193000007, 1.4551059608999992, -0.7318940391000004, -3.065026317300001, -9.035682117300002, 1.4551059608999992, -9.035682117300002, -5.390682117300002, -0.017091897300001158, -0.8780263173000011, 1.4551059608999992, -0.017091897300001158, -5.084502117300001, -6.848682117300002, -0.8780263173000011, -0.8780263173000011, 3.722678102699999, -3.065026317300001, -4.021620117300001, 3.4234059609, -2.897502117300001, -4.021620117300001, 1.145169569699999, -4.974080487300002, 2.8617436826999985, 3.722678102699999, -4.021620117300001, -6.265482117300002, 2.8617436826999985, -0.8780263173000011, -0.7318940391000004, -0.8780263173000011, 0.6802649828999991, -6.265482117300002, -2.2040918973000005, -1.5928284591000006, -0.7318940391000004, 1.4551059608999992, 1.9911396608999996, 1.4551059608999992, 3.4234059609, 1.4551059608999992, -0.7318940391000004, 2.7260490806999993, 1.4551059608999992, 8.2240896609, 1.236405960899999, 3.4234059609, 1.4551059608999992, 5.194875960899999, 1.4551059608999992, -0.7318940391000004, 1.236405960899999, -0.7318940391000004, 3.4234059609, 1.4551059608999992, -0.7318940391000004, -0.9535552371000007, 3.0494289608999994, 4.4694412812, 2.5011412811999993, 9.5154912909, 6.7891989609, -4.287956039100002, 5.194875960899999, -2.897502117300001, -4.344646797000001, 5.0783644107, 3.6855638378999998, 4.420034982899999, 2.6025067628999987, -1.4292509193000007, 8.0806005909, -4.021620117300001, 1.4551059608999992, 2.3605239608999993, 3.087336960899999, -1.2526536582000007, 3.2100276609, 1.7842246019999992, 0.31473709289999946, 2.669703212699999, 11.723788078200002, 9.390655800000001, 7.37118, 9.390655800000001, 11.723788078200002, 10.3290743178, 7.37118, 0.13027392179999908, 9.390655800000001, 1.9478021417999996, 6.9618641418000005, -0.932608078200001, 4.081453921799999, 11.723788078200002, 4.7180021417999995, 11.026431198000001, 10.25159022, 6.1902], "eval_reward": [-1.4292509193000007, -5.390682117300002, -4.021620117300001, 0.7577490806999989, -2.897502117300001, 4.4560666826999995, -5.390682117300002, -0.7318940391000004, -2.2040918973000005, -4.021620117300001, -9.035682117300002, -7.577682117300002, -4.021620117300001, -5.084502117300001, 1.0902736826999988, 6.8765112909, 0.13367988269999875, -4.021620117300001, -1.8346201173000012, 1.4551059608999992, 4.4694412812, 0.7577490806999989, 10.6777527579, 1.4551059608999992, 1.0902736826999988, -6.265482117300002, -5.084502117300001, 0.13367988269999875, -4.793284259100002, -2.897502117300001, 2.7260490806999993, -1.8346201173000012, 0.13367988269999875, -0.7318940391000004, -0.7318940391000004, -1.4292509193000007, 1.4551059608999992, 1.4551059608999992, 2.7260490806999993, -0.7318940391000004, -0.7318940391000004, 3.4234059609, 3.4234059609, 0.14290596089999952, -0.7318940391000004, -0.7318940391000004, 1.4551059608999992, 5.0177289608999995, -0.7318940391000004, 4.9343635827, 1.4551059608999992, -0.7318940391000004, 2.5011412811999993, 0.3422190806999994, -0.7318940391000004, -0.7318940391000004, 1.236405960899999, 1.4551059608999992, 1.236405960899999, 7.066593448200001, 3.4234059609, 1.236405960899999, -6.265482117300002, -7.577682117300002, -5.084502117300001, 2.136309002999999, 2.8899966608999996, -0.5787837000000009, 1.4551059608999992, -0.788756039100001, 2.7260490806999993, 7.3832437106999995, -0.38321559900000035, 2.1884945408999994, 3.4234059609, 3.981903212699999, 1.2117032126999991, 4.6329727482, 2.3739646796999994, 3.981903212699999, 11.723788078200002, -2.746214278200001, 10.25159022, 8.7793923618, 9.390655800000001, 4.081453921799999, -0.7318940391000004, 3.42, 1.0868677217999991, 11.026431198000001, 4.878, 11.723788078200002, 1.9478021417999996, 6.1902, 4.7180021417999995, 5.038047721799999, 11.723788078200002, 5.4928431198, 6.1902, 7.37118], "params": {"model_version": "2res_DQN", "mdp_path": "./RDDL/reservoir/Reservoir_disc_2res_target/", "value_xadd_path": {"v_source": "./exported_xadd/reservoir/2res/v_source.json", "v_target": "./exported_xadd/reservoir/2res/v_target.json", "v_diff": "./exported_xadd/reservoir/2res/v_diff.json"}, "q_xadd_path": {"q_source": "./exported_xadd/reservoir/2res/q_source.json", "q_target": "./exported_xadd/reservoir/2res/q_target.json", "q_diff": "./exported_xadd/reservoir/2res/q_diff.json"}, "num_episodes": 100, "eps_length": 10, "epsilon": 0.1, "replay_memory_size": 1000, "batch_size": 128, "gamma": 0.9, "seed": 0, "learning_rate": 0.005, "update_rate": 1, "agent_type": "lowerbound"}}