{"train_reward": [-0.588810108684878, 11.468592406328122, 8.63383668831512, 3.5982263340120575, 8.439378706328123, 6.862366688315121, 7.3782259074596, 7.2928933002531675, 8.63383668831512, 5.877252221315123, 5.953914626241686, 10.28761240632812, 15.049060468871053, -1.542964417369755, 8.559084131916318, 14.74094515225116, 15.811620217369754, 4.80347486189298, 14.223266316060018, 15.811620217369754, 3.4061587670144022, 15.811620217369754, 15.811620217369754, 15.811620217369754, 15.811620217369754, 15.811620217369754, 15.811620217369754, 15.811620217369754, 14.907716969247826, 15.811620217369754, 2.955064944018046, 15.811620217369754, 15.811620217369754, 15.811620217369754, 10.49474352918114, 15.811620217369754, 15.811620217369754, 15.811620217369754, 8.434062, 15.811620217369754, 15.811620217369754, 15.811620217369754, 15.541449873835155, 13.941807954482806, 15.811620217369754, 11.416686363376423, 13.358898689821437, 7.758410220000001, 14.664563660066687, 9.439536339169754, 15.811620217369754, 14.807283275012056, 15.811620217369754, 15.811620217369754, 15.811620217369754, 12.916268343342, 15.811620217369754, 15.568466908188615, 12.351409270380001, 15.298296564654017, 11.176696136905036, 12.413799025189753, 10.764913872715738, 12.415605939169751, 15.811620217369754, 5.972366480520781, 13.259498066310867, 14.950685797369754, 15.568466908188615, 9.070610219999999, 15.441016179599385, 15.811620217369754, 14.950685797369754, 15.811620217369754, 14.845711202604734, 14.571698066310868, 15.811620217369754, 10.975389019369754, 15.568466908188615, 8.434062, 10.554572896027754, 15.811620217369754, 13.24844445351969, 13.060848652027754, 15.568466908188615, 15.568466908188615, 13.4246415090078, 11.723788078200002, 12.231152154826821, 1.8014879873024086, -0.588810108684878, 15.811620217369754, 15.811620217369754, 9.410833079262733, 15.811620217369754, 15.246761144407754, 14.748738217369752, 15.811620217369754, 13.824153108799752, 15.811620217369754], "eval_reward": [-4.676642247854632, 1.285071944325369, -7.009774526054632, 2.9078065821339845, -5.041474526054633, 6.784520134587367, -5.041474526054633, -2.9757888170468316, -4.049021055674633, -3.405699128054632, -1.1021337614006153, -7.060950326054632, 6.495303925972248, 3.2833478608302453, 15.811620217369754, 10.032743485241289, 7.37118, 1.8111500026302452, 15.811620217369754, 14.234046599208348, 12.213960976092062, 15.811620217369754, 1.0565037826302455, 15.811620217369754, 12.03410414147922, 15.811620217369754, 11.214821590840174, 5.930444853010246, 11.769211786038934, 11.769211786038934, 2.874032002630246, 14.998107294060018, 15.811620217369754, 15.811620217369754, 15.811620217369754, 15.811620217369754, 14.738387978741954, 15.811620217369754, 15.303247051703954, 15.811620217369754, 15.811620217369754, 11.959674543342, 8.131079323972248, 4.973851053010247, 14.484783641344281, 11.811873387544392, 11.026431198000001, 6.224123442696933, 15.811620217369754, 14.619139952227755, 15.811620217369754, 6.7913792730102465, 5.466401200630247, 8.131079323972248, 9.508770602926566, 15.811620217369754, 13.571538130342818, 15.811620217369754, 13.4246415090078, 2.874032002630246, 8.434062, 13.4246415090078, 5.100876080830245, 2.7299890530102457, 8.131079323972248, 3.2833478608302453, 15.811620217369754, 7.382664822696935, 12.836712963187484, 12.545664305571632, 6.163758080830249, 5.930444853010246, 8.263577131210248, 13.316884352972234, 8.639452489638048, 14.788691305783908, 7.37118, 5.302823660830248, 4.973851053010247, 9.714231198, 12.351409270380001, 3.830625802630246, 10.421966411117268, 8.828436204172249, 13.480446698986583, 8.639452489638048, 12.351409270380001, 0.17385643704815554, 10.008436910818862, -4.676642247854632, 7.287005442696934, 14.664563660066687, 2.6064870766902644, 15.811620217369754, 12.821761764096317, 8.577142876690266, 14.664563660066687, 14.293959622296319, 15.241260603241157, 10.313121693881895], "params": {"model_version": "2res_DQN", "domain_path": "./RDDL/reservoir/reservoir_disc/domain.rddl", "instance_path": "./RDDL/reservoir/reservoir_disc/instance_2res_target.rddl", "value_xadd_path": {"v_source": "./exported_xadd/reservoir/2res/10_step/v_source.json", "v_target": "./exported_xadd/reservoir/2res/10_step/v_target.json", "v_diff": "./exported_xadd/reservoir/2res/10_step/v_diff.json"}, "q_xadd_path": {"q_source": "./exported_xadd/reservoir/2res/10_step/q_source.json", "q_target": "./exported_xadd/reservoir/2res/10_step/q_target.json", "q_diff": "./exported_xadd/reservoir/2res/10_step/q_diff.json"}, "num_episodes": 100, "eps_length": 20, "epsilon": 0.1, "psi": 0.2, "replay_memory_size": 1000, "batch_size": 256, "gamma": 0.9, "seed": 0, "learning_rate": 0.005, "update_rate": 1, "agent_type": "ppr", "save": true}}