{"train_reward": [-4.676642247854632, 6.180173591315125, -2.518252967947612, -4.049021055674633, -4.049021055674633, 3.931769968005389, -11.522430326054634, -8.24193032605463, -3.405699128054632, 3.2848217172873717, -4.676642247854632, 2.807132254350371, -1.6342291280546324, 9.104026179007802, 3.2833478608302453, 3.830625802630246, 9.166161505124988, 8.9424351656658, 9.104533662696934, 14.353620217369755, 15.811620217369754, 13.639024048925881, 15.354084368270534, 13.780635969580581, 13.318440217369755, 15.568466908188615, 14.156190494400887, 13.88217735810702, 1.855423000708264, 13.2715647002351, 9.007836762018048, 15.811620217369754, 15.541449873835155, 14.816940433341676, 15.811620217369754, 10.963561754783298, 15.298296564654017, 13.4246415090078, 4.973851053010247, 12.01786563638667, 15.811620217369754, 10.941401776240335, 13.66779481818894, 9.507294238627802, 15.811620217369754, 11.128088957129728, 15.811620217369754, 4.0711036831722, 13.824153108799752, 11.707673251703953, 15.568466908188615, 11.357429521849635, 15.811620217369754, 15.811620217369754, 10.652871753162003, 9.964430562018048, 13.175146191492017, 9.845451198, 15.298296564654017, 7.305772551878071, 8.733929624926565, 7.641679765957896, 8.550736789192202, 12.916268343342, 12.351409270380001, 11.65405239018, 15.478076583376422, 13.946348855012056, 10.020916469314248, 9.879374640696934, 9.340898000493315, 12.351409270380001, 9.390655800000001, 12.351409270380001, 15.811620217369754, 15.197862870418247, 10.767169292626264, 6.7913792730102465, 9.147502490818862, 7.37118, 12.741667633119237, 11.35813452747957, 15.234923274195284, 15.811620217369754, 15.811620217369754, 6.775123268221101, 3.064873539744071, 12.28785435810702, 5.276270343193197, 10.008436910818862, 14.293959622296319, -1.0692602173697558, -3.5624402173697547, -6.201420217369755, 2.1078, 10.986825484079267, 3.7966715135459825, 9.879374640696934, 6.7913792730102465, 5.441737140737266], "eval_reward": [-4.676642247854632, 1.285071944325369, -7.009774526054632, 2.9078065821339845, -5.041474526054633, 6.784520134587367, -5.041474526054633, -2.9757888170468316, -4.049021055674633, -3.405699128054632, -1.1021337614006153, -7.060950326054632, -2.1064707037583137, 4.346229860830246, 5.930444853010246, 15.811620217369754, 7.37118, 1.8111500026302452, 15.811620217369754, 12.13035334393835, 15.298296564654017, 7.63595593903025, 1.0565037826302455, 14.932643013933586, 15.441016179599385, 13.4246415090078, 14.293959622296319, 15.811620217369754, 11.769211786038934, 11.398607748268565, 15.811620217369754, 4.813376966927167, 5.466401200630247, 15.298296564654017, 15.298296564654017, 12.916268343342, 7.3069833312102475, 15.811620217369754, 7.566220251010247, 5.540091695599848, 13.639024048925881, 12.102755420032265, 13.467339206333, 15.811620217369754, 15.811620217369754, 15.811620217369754, 15.811620217369754, 6.224123442696933, 11.838085617664264, -0.23076441736975523, 15.183999025189756, 8.681216418352248, 5.466401200630247, 3.2383622186760457, 15.541449873835155, 15.811620217369754, 11.210464425484265, 15.811620217369754, 12.916268343342, 2.874032002630246, 15.811620217369754, 13.4246415090078, 2.8561613241648436, 7.054755101939984, 15.020540734277203, 11.723788078200002, 11.495198649745067, 8.434062, 11.026431198000001, 11.537896347070266, 10.995849850807799, 5.930444853010246, 11.158929005238, 9.104533662696934, 8.639452489638048, 11.8700601482714, 13.875976781442711, 5.302823660830248, 5.538710125972247, 11.026431198000001, 15.811620217369754, 10.37232985724601, 15.811620217369754, 15.811620217369754, 15.107472545606054, 3.5769912708549505, 3.1509598913151233, 11.11189331246697, 10.008436910818862, 10.576731520896935, 7.287005442696934, -6.055620217369754, -6.201420217369755, -3.5624402173697547, 6.938599058830249, 8.577142876690266, 14.664563660066687, 10.206127483126567, 12.102755420032265, 4.973851053010247], "params": {"model_version": "2res_DQN", "domain_path": "./RDDL/reservoir/reservoir_disc/domain.rddl", "instance_path": "./RDDL/reservoir/reservoir_disc/instance_2res_target.rddl", "value_xadd_path": {"v_source": "./exported_xadd/reservoir/2res/10_step/v_source.json", "v_target": "./exported_xadd/reservoir/2res/10_step/v_target.json", "v_diff": "./exported_xadd/reservoir/2res/10_step/v_diff.json"}, "q_xadd_path": {"q_source": "./exported_xadd/reservoir/2res/10_step/q_source.json", "q_target": "./exported_xadd/reservoir/2res/10_step/q_target.json", "q_diff": "./exported_xadd/reservoir/2res/10_step/q_diff.json"}, "num_episodes": 100, "eps_length": 20, "epsilon": 0.1, "psi": 0.2, "replay_memory_size": 1000, "batch_size": 256, "gamma": 0.9, "seed": 0, "learning_rate": 0.005, "update_rate": 1, "agent_type": "dqn", "save": true}}