{"train_reward": [3.0494289608999994, 5.194875960899999, 1.4551059608999992, 1.4551059608999992, 1.4551059608999992, 3.4234059609, -5.390682117300002, 3.4234059609, 3.4234059609, 10.6777527579, 1.4551059608999992, 8.2240896609, 6.7891989609, 3.4234059609, 7.37118, 7.37118, 5.4928431198, 11.026431198000001, 7.37118, 8.434062, 4.1806431198, 7.37118, 4.7180021417999995, 4.878, 0.04176880199999944, -1.9677880782000003, 4.878, 10.25159022, 8.2240896609, 11.026431198000001, 11.026431198000001, 3.0185719217999987, 4.878, 7.37118, 6.1902, 3.4058021417999997, 4.878, 4.878, 5.1443359218, 4.878, 6.05898, 4.878, 4.878, 5.2336062, 7.37118, -0.6555880782000008, 7.253082, 9.390655800000001, 4.878, -0.6555880782000008, 7.37118, 4.878, 4.878, 6.1902, 4.7180021417999995, 6.1902, 4.878, 4.1806431198, 6.1902, 8.434062, 4.1806431198, -0.6555880782000008, 4.7180021417999995, 6.1902, -0.6555880782000008, 11.026431198000001, 9.390655800000001, 4.081453921799999, 2.5448677217999993, 7.37118, 7.37118, 4.878, 8.434062, 4.878, 4.878, 6.1902, 6.1902, 1.8375919217999988, 7.37118, 8.434062, 2.5448677217999993, 4.878, 6.1902, 4.1806431198, 6.1902, 6.1902, 4.878, 2.900473921799999, 8.434062, 3.4058021417999997, 6.1902, 4.878, 7.37118, 4.7180021417999995, 4.1806431198, 4.878, 0.5253919217999993, 7.37118, 7.37118, 0.5253919217999993], "eval_reward": [3.4234059609, 9.5154912909, 1.4551059608999992, 6.7891989609, 1.0902736826999988, 11.723788078200002, 3.4234059609, 1.4551059608999992, 1.4551059608999992, 2.7260490806999993, 1.4551059608999992, -0.9292021173000014, -4.078482117300002, -2.897502117300001, 3.857067721799999, 1.8375919217999988, 7.37118, 6.9618641418000005, 11.723788078200002, 4.878, 2.5448677217999993, 6.1902, 4.081453921799999, 0.5253919217999993, 2.5448677217999993, 9.390655800000001, 11.723788078200002, 3.857067721799999, 3.4234059609, 4.878, 2.900473921799999, 3.4058021417999997, 4.7180021417999995, 4.878, 4.878, 4.878, 4.878, 1.588273921799999, 4.878, 4.878, 4.878, 6.1902, 4.1806431198, 7.37118, 4.878, 5.4928431198, 4.1806431198, 0.5253919217999993, 4.878, 0.6566119217999987, 4.878, 3.4058021417999997, 5.4928431198, 7.37118, 4.878, 7.37118, 6.1902, 6.1902, 6.1902, 1.588273921799999, 9.390655800000001, 4.878, 7.736705119800001, 6.6738231198, 6.1902, 0.5253919217999993, 4.878, 7.37118, 4.878, 4.878, 7.37118, 3.857067721799999, 6.1902, 7.37118, 4.1806431198, 7.37118, 4.878, 4.878, 4.878, 7.37118, 4.878, 2.5448677217999993, 4.878, 6.1902, 4.878, 6.1902, 4.878, 4.878, 3.4058021417999997, 4.878, 7.37118, 4.878, 1.8375919217999988, 7.37118, 6.6738231198, 3.857067721799999, 4.878, 6.1902, 4.878, 2.900473921799999], "params": {"model_version": "2res_DQN", "domain_path": "./RDDL/reservoir/Reservoir_disc/domain.rddl", "instance_path": "./RDDL/reservoir/Reservoir_disc/instance_2res_target.rddl", "value_xadd_path": {"v_source": "./exported_xadd/reservoir/2res/10_step/v_source.json", "v_target": "./exported_xadd/reservoir/2res/10_step/v_target.json", "v_diff": "./exported_xadd/reservoir/2res/10_step/v_diff.json"}, "q_xadd_path": {"q_source": "./exported_xadd/reservoir/2res/10_step/q_source.json", "q_target": "./exported_xadd/reservoir/2res/10_step/q_target.json", "q_diff": "./exported_xadd/reservoir/2res/10_step/q_diff.json"}, "num_episodes": 100, "eps_length": 10, "epsilon": 0.1, "replay_memory_size": 1000, "batch_size": 128, "gamma": 0.9, "seed": 0, "learning_rate": 0.005, "update_rate": 1, "agent_type": "ppr"}}