{"train_reward": [-4.676642247854632, 6.180173591315125, -2.518252967947612, -4.049021055674633, -4.049021055674633, 3.931769968005389, -11.522430326054634, -8.24193032605463, -3.405699128054632, 3.2848217172873717, -4.676642247854632, 2.807132254350371, -1.6342291280546324, 12.870844635503069, 6.53316429336178, 9.263215304248275, 6.894731736197648, 14.625000992730927, 15.246761144407754, 12.286007674027754, 10.265259552723977, 13.639024048925881, 15.354084368270534, 9.100616741118257, 15.811620217369754, 15.811620217369754, 15.811620217369754, 15.811620217369754, 15.811620217369754, 4.475828125972246, 15.811620217369754, 14.748738217369752, 15.183999025189756, 14.05080631311518, 15.811620217369754, 15.246761144407754, 15.568466908188615, 15.129667609645857, 10.896792543342002, 12.261018945567809, 15.441016179599385, 13.88217735810702, 15.811620217369754, 11.300989608451735, -0.006378217369755579, 3.294848125972246, 1.3794898913151226, 2.2313019763199815, 12.351409270380001, -0.23076441736975523, 13.88217735810702, 2.7299890530102457, 11.723788078200002, 15.811620217369754, 9.390655800000001, 10.529289634980048, 9.390655800000001, 6.1902, 15.298296564654017, 7.003677091638048, 8.322147360737267, 3.661651053010246, 10.655827160229633, 14.484783641344281, 15.298296564654017, 2.9696913826302467, 12.864732923095739, 8.388599263126567, 5.302823660830248, 11.502743973704733, 11.210464425484265, 12.351409270380001, 9.390655800000001, 12.351409270380001, 12.916268343342, 13.4246415090078, 9.345193063126567, 3.628678222630244, 7.872995204926566, 2.9696913826302467, 9.390655800000001, 8.828436204172249, 10.206127483126567, 10.783277888818862, 13.88217735810702, 12.507919285391283, 12.916268343342, 2.874032002630246, 13.074164975963882, 10.008436910818862, 15.541449873835155, 15.811620217369754, 13.5351293247596, 10.797799097963756, 7.2928933002531675, 1.6086403398138223, 4.250730732052392, 5.486820616345721, 5.664391049133986, 10.993184508095267], "eval_reward": [-4.676642247854632, 1.285071944325369, -7.009774526054632, 2.9078065821339845, -5.041474526054633, 6.784520134587367, -5.041474526054633, -2.9757888170468316, -4.049021055674633, -3.405699128054632, -1.1021337614006153, -7.060950326054632, 6.495303925972248, 15.811620217369754, 7.253082, 3.4538327296199984, 3.1574151640454, 15.811620217369754, 15.811620217369754, 1.0506108039453685, 12.213960976092062, 10.576731520896935, 15.811620217369754, 15.811620217369754, 9.774435317695792, 3.803221291638046, 15.811620217369754, 11.504541983670933, 11.723788078200002, 15.811620217369754, 2.0130975826302455, 13.10733638010702, 10.008436910818862, 15.811620217369754, 15.811620217369754, 14.174917894240368, 15.811620217369754, 4.973851053010247, 15.811620217369754, 15.811620217369754, 14.75495398487888, 14.664563660066687, 14.489734128394218, 3.9109690530102457, 4.364676347284263, -2.518252967947612, 9.096988338737267, 6.857856347284263, 12.351409270380001, -4.7434202173697555, 11.723788078200002, 6.7913792730102465, 5.466401200630247, 7.566220251010247, 9.508770602926566, 11.723788078200002, 9.390655800000001, 14.293959622296319, 15.298296564654017, 2.874032002630246, 6.163758080830249, 15.354084368270534, 6.163758080830249, 6.385240251010245, 6.938599058830249, 5.207164280830248, 11.495198649745067, 2.0130975826302455, 6.938599058830249, 11.769211786038934, 6.163758080830249, 5.930444853010246, 8.263577131210248, 11.398607748268565, 8.639452489638048, 9.508770602926566, 12.102755420032265, 5.930444853010246, 6.7750215190302505, 7.566220251010247, 13.88217735810702, 3.830625802630246, 10.421966411117268, 9.794345218937268, 13.480446698986583, 8.639452489638048, 10.421966411117268, 8.131079323972248, 10.008436910818862, 8.828436204172249, 15.811620217369754, 15.811620217369754, 12.710802236632505, 0.6574507521453696, 6.001491670253169, 5.738484814287367, -4.180540106054632, 4.16379892072354, -0.4417488629126316, 11.511407678023323], "params": {"model_version": "2res_DQN", "domain_path": "./RDDL/reservoir/reservoir_disc/domain.rddl", "instance_path": "./RDDL/reservoir/reservoir_disc/instance_2res_target.rddl", "value_xadd_path": {"v_source": "./exported_xadd/reservoir/2res/10_step/v_source.json", "v_target": "./exported_xadd/reservoir/2res/10_step/v_target.json", "v_diff": "./exported_xadd/reservoir/2res/10_step/v_diff.json"}, "q_xadd_path": {"q_source": "./exported_xadd/reservoir/2res/10_step/q_source.json", "q_target": "./exported_xadd/reservoir/2res/10_step/q_target.json", "q_diff": "./exported_xadd/reservoir/2res/10_step/q_diff.json"}, "num_episodes": 100, "eps_length": 20, "epsilon": 0.1, "psi": 0.2, "replay_memory_size": 1000, "batch_size": 256, "gamma": 0.9, "seed": 0, "learning_rate": 0.005, "update_rate": 1, "agent_type": "rewardshaping", "save": true}}