{"train_reward": [-77.7139084692, -79.7333842692, -67.6692707238, -56.548665703800005, -60.25207975290001, -75.835571589, -62.32055974290001, -74.2741034526, -59.020476381, -64.3119866847, -57.7184513256, -78.7767904692, -55.4357946429, -80.2456402491, -69.89138496090001, -62.21030875560001, -75.58149023009999, -76.5329284692, -69.2600414526, -78.42811202909999, -63.155422782, -65.8213631055, -77.7139084692, -69.8252927436, -66.60165888270001, -73.1968075917, -47.10695615640001, -45.38705364810001, -53.72720658720001, -58.5142257654, -55.72863576540001, -59.065995432600005, -54.6600200346, -66.609140391, -74.3187385917, -59.8726421055, -60.34185136440001, -72.95272846920001, -61.975017371700005, -64.87324741350001, -61.7190636654, -56.495493901799996, -59.294959833600004, -50.1811717554, -59.95443087540001, -59.605752435300005, -59.1140573253, -62.0617538727, -61.66311407370001, -61.505808112800004, -61.4195298045, -59.0456667654, -52.0688501955, -44.85561264810001, -49.40043768719999, -44.908756748100004, -43.559428049100006, -49.7937512664, -50.8406427972, -48.2338715481, -45.7357320882, -46.50898464810001, -44.650954719000005, -47.019475719, -55.72863576540001, -52.613163286200006, -48.1538476872, -46.633643648100005, -46.633643648100005, -56.2511852253, -44.810977509000004, -52.2328417263, -44.37731574810001, -45.6448556772, -46.2958177581, -49.53894768719999, -45.97754364810001, -47.417748758100004, -46.98728154810001, -46.98728154810001, -46.50898464810001, -44.220487509, -56.9557047654, -46.633643648100005, -51.0404114772, -44.332680609, -45.59012315910001, -48.980823027300005, -44.99963315910001, -45.69109694910001, -45.8957548782, -46.12156415910001, -44.99963315910001, -45.62886520800001, -51.993810726300005, -43.210749609000004, -46.326222088200005, -45.77288571900001, -46.777664159100006, -47.0832958782], "eval_reward": [-82.06651654740001, -82.06651654740001, -82.06651654740001, -82.06651654740001, -82.06651654740001, -82.06651654740001, -82.06651654740001, -82.06651654740001, -82.06651654740001, -82.06651654740001, -82.06651654740001, -82.06651654740001, -82.06651654740001, -82.06651654740001, -82.06651654740001, -82.06651654740001, -82.06651654740001, -82.06651654740001, -82.06651654740001, -82.06651654740001, -82.06651654740001, -82.06651654740001, -82.06651654740001, -82.06651654740001, -82.06651654740001, -47.10695615640001, -52.0688501955, -60.6905298045, -60.6905298045, -60.6905298045, -77.1046225083, -82.06651654740001, -82.06651654740001, -82.06651654740001, -68.48294289930001, -60.6905298045, -60.6905298045, -82.06651654740001, -82.06651654740001, -82.06651654740001, -68.48294289930001, -68.48294289930001, -47.10695615640001, -60.6905298045, -60.6905298045, -60.6905298045, -60.6905298045, -60.6905298045, -82.06651654740001, -72.95272846920001, -60.6905298045, -52.0688501955, -47.10695615640001, -48.1538476872, -45.38705364810001, -43.210749609000004, -45.38705364810001, -48.1538476872, -50.8406427972, -47.417748758100004, -49.93187868719999, -50.8406427972, -50.8406427972, -53.55233172630001, -54.992536836300005, -50.8406427972, -50.8406427972, -51.2280632862, -48.1538476872, -48.1538476872, -48.1538476872, -48.1538476872, -45.38705364810001, -45.38705364810001, -45.38705364810001, -47.805169247100004, -48.1538476872, -48.1538476872, -48.1538476872, -48.1538476872, -48.1538476872, -48.1538476872, -47.805169247100004, -47.805169247100004, -47.417748758100004, -46.98728154810001, -46.638603108000005, -47.59376201730001, -46.12156415910001, -45.15965594910001, -46.12156415910001, -45.77288571900001, -46.16030620800001, -46.16030620800001, -44.650954719000005, -45.24144471900001, -45.77288571900001, -46.428985719, -46.3471969491, -46.5518548782], "params": {"model_version": "1agent_DQN", "domain_path": "./RDDL/navigation/navigation_disc/domain.rddl", "instance_path": "./RDDL/navigation/navigation_disc/instance_1agent_target.rddl", "value_xadd_path": {"v_source": "./exported_xadd/navigation/1agent/5_step/v_source.json", "v_target": "./exported_xadd/navigation/1agent/5_step/v_target.json", "v_diff": "./exported_xadd/navigation/1agent/5_step/v_diff.json"}, "q_xadd_path": {"q_source": "./exported_xadd/navigation/1agent/5_step/q_source.json", "q_target": "./exported_xadd/navigation/1agent/5_step/q_target.json", "q_diff": "./exported_xadd/navigation/1agent/5_step/q_diff.json"}, "num_episodes": 100, "eps_length": 10, "epsilon": 0.1, "psi": 0.2, "replay_memory_size": 1000, "batch_size": 256, "gamma": 0.9, "seed": 0, "learning_rate": 0.005, "update_rate": 1, "agent_type": "ppr", "save": true}}