{"train_reward": [-2.438488078200001, -4.406788078200001, -4.406788078200001, -4.406788078200001, -0.667018078200001, -4.406788078200001, 4.6996325721000005, 0.9273049217999992, -2.438488078200001, -0.667018078200001, -2.438488078200001, -2.438488078200001, -4.406788078200001, -4.406788078200001, 3.5287617609000006, 5.861894039100001, 4.3896961809, 5.861894039100001, 2.5721679609, 5.861894039100001, 5.861894039100001, 5.861894039100001, 5.861894039100001, 5.861894039100001, 4.3896961809, 2.5721679609, -0.667018078200001, 5.861894039100001, 4.3896961809, 4.3896961809, 4.4270033391000005, 1.5092859608999993, 5.861894039100001, 4.8158587188, 5.861894039100001, 5.861894039100001, 5.861894039100001, 5.1645371589, 1.5092859608999993, 5.861894039100001, 5.861894039100001, 5.861894039100001, 5.861894039100001, 2.6614382391, 5.861894039100001, 5.1645371589, 5.1645371589, 2.5721679609, 5.861894039100001, 4.3896961809, 5.861894039100001, 5.861894039100001, 5.861894039100001, 5.861894039100001, 5.861894039100001, 5.861894039100001, 5.861894039100001, 5.861894039100001, 5.861894039100001, 3.5287617609000006, 5.1645371589, 0.32830596089999936, 4.3896961809, 5.861894039100001, 5.861894039100001, 4.3896961809, 5.1645371589, 5.861894039100001, 5.861894039100001, 4.3896961809, 5.861894039100001, 5.861894039100001, 5.861894039100001, 5.861894039100001, 5.861894039100001, 5.861894039100001, 5.861894039100001, 4.3896961809, 3.5287617609000006, 5.1645371589, 5.861894039100001, 5.861894039100001, 5.861894039100001, 5.861894039100001, 5.861894039100001, 5.861894039100001, 5.861894039100001, 5.1645371589, -0.9838940391000002, 5.861894039100001, 5.861894039100001, 5.861894039100001, 5.861894039100001, 0.32830596089999936, 5.1645371589, 5.861894039100001, 5.861894039100001, 5.861894039100001, 5.861894039100001, 4.3896961809], "eval_reward": [-2.438488078200001, 0.9273049217999992, -4.406788078200001, -4.406788078200001, -0.667018078200001, -0.667018078200001, 0.9273049217999992, -4.406788078200001, -4.406788078200001, -4.406788078200001, -0.667018078200001, -2.438488078200001, -2.438488078200001, 5.861894039100001, 2.5721679609, 0.32830596089999936, 5.1645371589, 4.3896961809, 5.861894039100001, 5.861894039100001, 5.1645371589, -0.667018078200001, 1.5092859608999993, 5.861894039100001, 3.5287617609000006, 3.5287617609000006, 5.861894039100001, 2.5721679609, 5.861894039100001, -2.438488078200001, 0.32830596089999936, 5.861894039100001, 2.5721679609, -2.9718973782000004, 5.861894039100001, 5.861894039100001, 5.1645371589, 5.861894039100001, 5.1645371589, 5.861894039100001, 5.861894039100001, 5.861894039100001, 5.861894039100001, 1.5092859608999993, 5.861894039100001, 5.861894039100001, 5.861894039100001, 5.1645371589, 5.861894039100001, 2.5721679609, 5.861894039100001, 5.861894039100001, 5.861894039100001, 4.3896961809, 5.861894039100001, 5.861894039100001, 5.861894039100001, 5.861894039100001, 5.861894039100001, 5.1645371589, 5.1645371589, 5.861894039100001, 3.5287617609000006, 2.5721679609, 5.1645371589, 5.1645371589, 5.861894039100001, 3.5287617609000006, 5.861894039100001, 5.861894039100001, 5.861894039100001, 4.3896961809, 5.861894039100001, 5.861894039100001, 5.861894039100001, 0.32830596089999936, 5.861894039100001, 5.861894039100001, 5.861894039100001, 2.5721679609, 5.861894039100001, 3.5287617609000006, 5.861894039100001, 5.861894039100001, 5.861894039100001, 5.861894039100001, 5.1645371589, 5.861894039100001, 5.861894039100001, 5.861894039100001, 5.861894039100001, 5.861894039100001, 0.32830596089999936, 5.861894039100001, 5.861894039100001, 5.861894039100001, 5.861894039100001, 4.3896961809, 5.861894039100001, 5.861894039100001], "params": {"model_version": "1res_DQN", "domain_path": "./RDDL/reservoir/Reservoir_disc/domain.rddl", "instance_path": "./RDDL/reservoir/Reservoir_disc/instance_1res_target.rddl", "value_xadd_path": {"v_source": "./exported_xadd/reservoir/1res/v_source.json", "v_target": "./exported_xadd/reservoir/1res/v_target.json", "v_diff": "./exported_xadd/reservoir/1res/v_diff.json"}, "q_xadd_path": {"q_source": "./exported_xadd/reservoir/1res/q_source.json", "q_target": "./exported_xadd/reservoir/1res/q_target.json", "q_diff": "./exported_xadd/reservoir/1res/q_diff.json"}, "num_episodes": 100, "eps_length": 10, "epsilon": 0.1, "replay_memory_size": 1000, "batch_size": 128, "gamma": 0.9, "seed": 0, "learning_rate": 0.005, "update_rate": 1, "agent_type": "lowerbound"}}