{"train_reward": [-4.676642247854632, 6.180173591315125, -2.518252967947612, -4.049021055674633, -4.049021055674633, 3.931769968005389, -11.522430326054634, -8.24193032605463, -3.405699128054632, 3.2848217172873717, -4.676642247854632, 2.807132254350371, -1.6342291280546324, 9.104026179007802, 1.8111500026302452, 6.1209076103133135, 10.62130379688512, 3.6488729806302462, 15.811620217369754, 15.811620217369754, 8.946736469652265, 15.811620217369754, 13.06486203228603, 12.58403048496713, 15.811620217369754, 15.811620217369754, 15.811620217369754, 15.811620217369754, 15.811620217369754, 8.828436204172249, 15.811620217369754, 15.811620217369754, 15.811620217369754, 15.811620217369754, 15.811620217369754, 14.964752930660685, 15.298296564654017, 15.129667609645857, -1.1873582173697557, 14.664563660066687, 15.811620217369754, 8.79534727038, 15.811620217369754, 15.354084368270534, 15.811620217369754, 10.483865927141116, 15.811620217369754, 1.0565037826302455, 14.907716969247826, 15.811620217369754, 15.156684643999316, 13.27846338057909, 15.811620217369754, 15.811620217369754, 13.806307746235438, 11.495198649745067, 15.811620217369754, 14.260036179599384, 15.811620217369754, 5.466401200630247, 13.8364237731971, 13.02124293810702, 12.404122476954319, 13.567758217369754, 15.811620217369754, 15.811620217369754, 15.811620217369754, 15.268277637594617, 15.811620217369754, 6.650555835450264, 6.582274426974621, -2.841740261253501, 5.836114777515369, 8.789778431552449, 11.923066420369754, 15.811620217369754, 15.811620217369754, 15.303247051703954, 15.811620217369754, 15.811620217369754, 13.610985746407755, 15.478076583376422, 15.568466908188615, 13.978268979323955, 15.811620217369754, 14.664563660066687, 8.338210946989754, 8.434062, 15.246761144407754, 13.963547000741954, 15.541449873835155, 15.811620217369754, 14.063324900645068, 13.844298974227755, 14.486642144989755, 15.303247051703954, 14.748738217369752, 12.218911463142, 15.511430946775755, 9.153693921479219], "eval_reward": [-4.676642247854632, 1.285071944325369, -7.009774526054632, 2.9078065821339845, -5.041474526054633, 6.784520134587367, -5.041474526054633, -2.9757888170468316, -4.049021055674633, -3.405699128054632, -1.1021337614006153, -7.060950326054632, -10.210230326054633, 4.346229860830246, 14.499420217369753, 15.811620217369754, 15.811620217369754, 15.811620217369754, 7.066949671068367, 14.234046599208348, 14.362706671302721, 15.811620217369754, 15.811620217369754, 12.456016841047768, 15.568466908188615, 14.339422359169752, 15.541449873835155, 15.811620217369754, 15.811620217369754, 13.639024048925881, 14.933566600882308, 15.811620217369754, 7.725951922857368, 15.811620217369754, 15.298296564654017, 15.811620217369754, 7.3069833312102475, 4.973851053010247, 13.68172174625108, 13.4246415090078, 15.811620217369754, 12.102755420032265, 8.131079323972248, 4.973851053010247, 14.998107294060018, 10.627756426464288, 15.811620217369754, 13.851050736756951, 13.146903064993252, 7.058687078034885, 15.811620217369754, 12.916268343342, 6.241242178630248, 7.566220251010247, 12.851963650411912, 15.811620217369754, 15.541449873835155, 15.811620217369754, 15.811620217369754, 2.874032002630246, 15.811620217369754, 15.811620217369754, 15.811620217369754, 15.811620217369754, 14.683291059906168, 15.811620217369754, 15.811620217369754, 15.811620217369754, 15.811620217369754, 6.955675275423081, 8.652019159935586, 8.70817908861907, 2.628450470457069, 5.567340952337201, 15.811620217369754, 15.811620217369754, 15.811620217369754, 15.811620217369754, 15.811620217369754, 15.811620217369754, 14.998107294060018, 15.811620217369754, 15.811620217369754, 15.811620217369754, 12.351409270380001, 15.053895097676536, 13.88217735810702, 12.916268343342, 14.223266316060018, 14.664563660066687, 14.664563660066687, 15.811620217369754, 12.103070110500164, 14.813394987419388, 15.811620217369754, 9.390655800000001, 15.811620217369754, 14.212528352134065, 15.811620217369754, 8.434062], "params": {"model_version": "2res_DQN", "domain_path": "./RDDL/reservoir/reservoir_disc/domain.rddl", "instance_path": "./RDDL/reservoir/reservoir_disc/instance_2res_target.rddl", "value_xadd_path": {"v_source": "./exported_xadd/reservoir/2res/10_step/v_source.json", "v_target": "./exported_xadd/reservoir/2res/10_step/v_target.json", "v_diff": "./exported_xadd/reservoir/2res/10_step/v_diff.json"}, "q_xadd_path": {"q_source": "./exported_xadd/reservoir/2res/10_step/q_source.json", "q_target": "./exported_xadd/reservoir/2res/10_step/q_target.json", "q_diff": "./exported_xadd/reservoir/2res/10_step/q_diff.json"}, "num_episodes": 100, "eps_length": 20, "epsilon": 0.1, "psi": 0.2, "replay_memory_size": 1000, "batch_size": 256, "gamma": 0.9, "seed": 0, "learning_rate": 0.005, "update_rate": 1, "agent_type": "lowerbound", "save": true}}